"../../../Engine/Plugins/2D/Paper2D/Content/PlaceholderTextures/DummySpriteTexture.ubulk" 0
"../../../Engine/Plugins/2D/Paper2D/Content/PlaceholderTextures/DummySpriteTexture.uasset" 1
"../../../Engine/Plugins/2D/Paper2D/Content/PlaceholderTextures/DummySpriteTexture.uexp" 2
"../../../Engine/Plugins/2D/Paper2D/Content/DummySprite.uasset" 3
"../../../Engine/Plugins/2D/Paper2D/Content/DummySprite.uexp" 4
"../../../Engine/Plugins/2D/Paper2D/Content/DefaultPaperTerrainMaterial.uasset" 5
"../../../Engine/Plugins/2D/Paper2D/Content/DefaultPaperTerrainMaterial.uexp" 6
"../../../Engine/Plugins/Animation/ACLPlugin/Content/ACLAnimBoneCompressionSettings.uasset" 7
"../../../Engine/Plugins/Animation/ACLPlugin/Content/ACLAnimBoneCompressionSettings.uexp" 8
"../../../Engine/Plugins/Animation/ACLPlugin/Content/ACLAnimCurveCompressionSettings.uasset" 9
"../../../Engine/Plugins/Animation/ACLPlugin/Content/ACLAnimCurveCompressionSettings.uexp" 10
"../../../Engine/Content/Animation/DefaultRecorderBoneCompression.uasset" 11
"../../../Engine/Content/Animation/DefaultRecorderBoneCompression.uexp" 12
"../../../Engine/Content/Animation/DefaultVariableFrameStrippingSettings.uasset" 13
"../../../Engine/Content/Animation/DefaultVariableFrameStrippingSettings.uexp" 14
"../../../Engine/Content/EngineFonts/Faces/DroidSansFallback.uexp" 15
"../../../Engine/Content/EngineFonts/Faces/DroidSansFallback.uasset" 16
"../../../Engine/Content/EngineFonts/Faces/DroidSansFallback.ufont" 17
"../../../Engine/Content/EngineFonts/Faces/RobotoBold.uexp" 18
"../../../Engine/Content/EngineFonts/Faces/RobotoBold.uasset" 19
"../../../Engine/Content/EngineFonts/Faces/RobotoBold.ufont" 20
"../../../Engine/Content/EngineFonts/Faces/RobotoBoldItalic.uexp" 21
"../../../Engine/Content/EngineFonts/Faces/RobotoBoldItalic.uasset" 22
"../../../Engine/Content/EngineFonts/Faces/RobotoBoldItalic.ufont" 23
"../../../Engine/Content/EngineFonts/Faces/RobotoItalic.uexp" 24
"../../../Engine/Content/EngineFonts/Faces/RobotoItalic.uasset" 25
"../../../Engine/Content/EngineFonts/Faces/RobotoItalic.ufont" 26
"../../../Engine/Content/EngineFonts/Faces/RobotoLight.uexp" 27
"../../../Engine/Content/EngineFonts/Faces/RobotoLight.uasset" 28
"../../../Engine/Content/EngineFonts/Faces/RobotoLight.ufont" 29
"../../../Engine/Content/EngineFonts/Faces/RobotoRegular.uexp" 30
"../../../Engine/Content/EngineFonts/Faces/RobotoRegular.uasset" 31
"../../../Engine/Content/EngineFonts/Faces/RobotoRegular.ufont" 32
"../../../Engine/Content/EngineFonts/Roboto.uasset" 33
"../../../Engine/Content/EngineFonts/Roboto.uexp" 34
"../../../Engine/Content/EngineMaterials/DefaultDestructiblePhysicalMaterial.uasset" 35
"../../../Engine/Content/EngineMaterials/DefaultDestructiblePhysicalMaterial.uexp" 36
"../../../Engine/Content/EngineMaterials/DefaultPhysicalMaterial.uasset" 37
"../../../Engine/Content/EngineMaterials/DefaultPhysicalMaterial.uexp" 38
"../../../Engine/Content/EngineSounds/Master.uasset" 39
"../../../Engine/Content/EngineSounds/Master.uexp" 40
"../../../Engine/Plugins/Animation/ControlRig/Content/Controls/DefaultGizmoLibraryNormalized.uasset" 41
"../../../Engine/Plugins/Animation/ControlRig/Content/Controls/DefaultGizmoLibraryNormalized.uexp" 42
"../../../Engine/Plugins/Interchange/Runtime/Content/Pipelines/DefaultAssetsPipeline.uasset" 43
"../../../Engine/Plugins/Interchange/Runtime/Content/Pipelines/DefaultAssetsPipeline.uexp" 44
"../../../Engine/Plugins/Interchange/Runtime/Content/Pipelines/DefaultAudioPipeline.uasset" 45
"../../../Engine/Plugins/Interchange/Runtime/Content/Pipelines/DefaultAudioPipeline.uexp" 46
"../../../Engine/Plugins/Interchange/Runtime/Content/Pipelines/DefaultGLTFAssetsPipeline.uasset" 47
"../../../Engine/Plugins/Interchange/Runtime/Content/Pipelines/DefaultGLTFAssetsPipeline.uexp" 48
"../../../Engine/Plugins/Interchange/Runtime/Content/Pipelines/DefaultGLTFPipeline.uasset" 49
"../../../Engine/Plugins/Interchange/Runtime/Content/Pipelines/DefaultGLTFPipeline.uexp" 50
"../../../Engine/Plugins/Interchange/Runtime/Content/Pipelines/DefaultGLTFSceneAssetsPipeline.uasset" 51
"../../../Engine/Plugins/Interchange/Runtime/Content/Pipelines/DefaultGLTFSceneAssetsPipeline.uexp" 52
"../../../Engine/Plugins/Interchange/Runtime/Content/Pipelines/DefaultMaterialPipeline.uasset" 53
"../../../Engine/Plugins/Interchange/Runtime/Content/Pipelines/DefaultMaterialPipeline.uexp" 54
"../../../Engine/Plugins/Interchange/Runtime/Content/Pipelines/DefaultMaterialXPipeline.uasset" 55
"../../../Engine/Plugins/Interchange/Runtime/Content/Pipelines/DefaultMaterialXPipeline.uexp" 56
"../../../Engine/Plugins/Interchange/Runtime/Content/Pipelines/DefaultSceneAssetsPipeline.uasset" 57
"../../../Engine/Plugins/Interchange/Runtime/Content/Pipelines/DefaultSceneAssetsPipeline.uexp" 58
"../../../Engine/Plugins/Interchange/Runtime/Content/Pipelines/DefaultSceneLevelPipeline.uasset" 59
"../../../Engine/Plugins/Interchange/Runtime/Content/Pipelines/DefaultSceneLevelPipeline.uexp" 60
"../../../Engine/Plugins/Interchange/Runtime/Content/Pipelines/DefaultTexturePipeline.uasset" 61
"../../../Engine/Plugins/Interchange/Runtime/Content/Pipelines/DefaultTexturePipeline.uexp" 62
"../../../Engine/Plugins/2D/Paper2D/Content/DefaultSpriteMaterial.uasset" 63
"../../../Engine/Plugins/2D/Paper2D/Content/DefaultSpriteMaterial.uexp" 64
"../../../Engine/Plugins/2D/Paper2D/Content/MaskedUnlitSpriteMaterial.uasset" 65
"../../../Engine/Plugins/2D/Paper2D/Content/MaskedUnlitSpriteMaterial.uexp" 66
"../../../Engine/Plugins/2D/Paper2D/Content/OpaqueUnlitSpriteMaterial.uasset" 67
"../../../Engine/Plugins/2D/Paper2D/Content/OpaqueUnlitSpriteMaterial.uexp" 68
"../../../Engine/Content/Functions/Engine_MaterialFunctions02/WorldPositionOffset/CameraOffset.uasset" 69
"../../../Engine/Content/Functions/Engine_MaterialFunctions02/WorldPositionOffset/CameraOffset.uexp" 70
"../../../Engine/Plugins/Animation/ControlRig/Content/M_Manip.uasset" 71
"../../../Engine/Plugins/Animation/ControlRig/Content/M_Manip.uexp" 72
"../../../Engine/Content/EditorLandscapeResources/WhiteSquareTexture.uasset" 73
"../../../Engine/Content/EditorLandscapeResources/WhiteSquareTexture.uexp" 74
"../../../Engine/Content/EditorLandscapeResources/LayerVisMaterial.uasset" 75
"../../../Engine/Content/EditorLandscapeResources/LayerVisMaterial.uexp" 76
"../../../Engine/Content/Functions/Engine_MaterialFunctions02/Utility/MakeFloat3.uasset" 77
"../../../Engine/Content/Functions/Engine_MaterialFunctions02/Utility/MakeFloat3.uexp" 78
"../../../Engine/Content/EditorLandscapeResources/DefaultAlphaTexture.uasset" 79
"../../../Engine/Content/EditorLandscapeResources/DefaultAlphaTexture.uexp" 80
"../../../Engine/Content/Functions/Engine_MaterialFunctions03/Math/WithinRangeFloat2.uasset" 81
"../../../Engine/Content/Functions/Engine_MaterialFunctions03/Math/WithinRangeFloat2.uexp" 82
"../../../Engine/Content/EditorLandscapeResources/MaskBrushMaterial.uasset" 83
"../../../Engine/Content/EditorLandscapeResources/MaskBrushMaterial.uexp" 84
"../../../Engine/Content/EditorLandscapeResources/MaskBrushMaterial_MaskedRegion.uasset" 85
"../../../Engine/Content/EditorLandscapeResources/MaskBrushMaterial_MaskedRegion.uexp" 86
"../../../Engine/Content/EditorLandscapeResources/SelectBrushMaterial.uasset" 87
"../../../Engine/Content/EditorLandscapeResources/SelectBrushMaterial.uexp" 88
"../../../Engine/Content/EditorLandscapeResources/SelectBrushMaterial_Selected.uasset" 89
"../../../Engine/Content/EditorLandscapeResources/SelectBrushMaterial_Selected.uexp" 90
"../../../Engine/Content/EditorLandscapeResources/SelectBrushMaterial_SelectedRegion.uasset" 91
"../../../Engine/Content/EditorLandscapeResources/SelectBrushMaterial_SelectedRegion.uexp" 92
"../../../Engine/Content/EngineMaterials/DefaultWhiteGrid_Low.uasset" 93
"../../../Engine/Content/EngineMaterials/DefaultWhiteGrid_Low.uexp" 94
"../../../Engine/Content/EngineMaterials/EmissiveMeshMaterial.uasset" 95
"../../../Engine/Content/EngineMaterials/EmissiveMeshMaterial.uexp" 96
"../../../Engine/Content/EditorLandscapeResources/SplineEditorMeshMat.uasset" 97
"../../../Engine/Content/EditorLandscapeResources/SplineEditorMeshMat.uexp" 98
"../../../Engine/Content/EditorLandscapeResources/SplineEditorMesh.uasset" 99
"../../../Engine/Content/EditorLandscapeResources/SplineEditorMesh.uexp" 100
"../../../Engine/Content/EngineMaterials/FastBlueNoise_scalar_128x128x64.uasset" 101
"../../../Engine/Content/EngineMaterials/FastBlueNoise_scalar_128x128x64.uexp" 102
"../../../Engine/Content/EngineMaterials/FastBlueNoise_scalar_128x128x8.uasset" 103
"../../../Engine/Content/EngineMaterials/FastBlueNoise_scalar_128x128x8.uexp" 104
"../../../Engine/Content/EngineMaterials/FastBlueNoise_vec2_128x128x64.uasset" 105
"../../../Engine/Content/EngineMaterials/FastBlueNoise_vec2_128x128x64.uexp" 106
"../../../Engine/Content/EngineMaterials/BaseFlattenDiffuseMap.uasset" 107
"../../../Engine/Content/EngineMaterials/BaseFlattenDiffuseMap.uexp" 108
"../../../Engine/Content/EngineMaterials/BaseFlattenEmissiveMap.uasset" 109
"../../../Engine/Content/EngineMaterials/BaseFlattenEmissiveMap.uexp" 110
"../../../Engine/Content/EngineMaterials/BaseFlattenGrayscaleMap.uasset" 111
"../../../Engine/Content/EngineMaterials/BaseFlattenGrayscaleMap.uexp" 112
"../../../Engine/Content/EngineMaterials/BaseFlattenLinearColor.uasset" 113
"../../../Engine/Content/EngineMaterials/BaseFlattenLinearColor.uexp" 114
"../../../Engine/Content/EngineMaterials/BaseFlattenNormalMap.uasset" 115
"../../../Engine/Content/EngineMaterials/BaseFlattenNormalMap.uexp" 116
"../../../Engine/Content/Functions/Engine_MaterialFunctions02/PivotPainter2/Black_1x1_EXR_Texture.uasset" 117
"../../../Engine/Content/Functions/Engine_MaterialFunctions02/PivotPainter2/Black_1x1_EXR_Texture.uexp" 118
"../../../Engine/Content/EngineMaterials/FlattenMaterial.uasset" 119
"../../../Engine/Content/EngineMaterials/FlattenMaterial.uexp" 120
"../../../Engine/Content/EngineMaterials/BaseFlattenDiffuseMap_VT.ubulk" 121
"../../../Engine/Content/EngineMaterials/BaseFlattenDiffuseMap_VT.uasset" 122
"../../../Engine/Content/EngineMaterials/BaseFlattenDiffuseMap_VT.uexp" 123
"../../../Engine/Content/EngineMaterials/BaseFlattenEmissiveMap_VT.ubulk" 124
"../../../Engine/Content/EngineMaterials/BaseFlattenEmissiveMap_VT.uasset" 125
"../../../Engine/Content/EngineMaterials/BaseFlattenEmissiveMap_VT.uexp" 126
"../../../Engine/Content/EngineMaterials/BaseFlattenGrayscaleMap_VT.ubulk" 127
"../../../Engine/Content/EngineMaterials/BaseFlattenGrayscaleMap_VT.uasset" 128
"../../../Engine/Content/EngineMaterials/BaseFlattenGrayscaleMap_VT.uexp" 129
"../../../Engine/Content/EngineMaterials/BaseFlattenLinearColor_VT.ubulk" 130
"../../../Engine/Content/EngineMaterials/BaseFlattenLinearColor_VT.uasset" 131
"../../../Engine/Content/EngineMaterials/BaseFlattenLinearColor_VT.uexp" 132
"../../../Engine/Content/EngineMaterials/BaseFlattenNormalMap_VT.ubulk" 133
"../../../Engine/Content/EngineMaterials/BaseFlattenNormalMap_VT.uasset" 134
"../../../Engine/Content/EngineMaterials/BaseFlattenNormalMap_VT.uexp" 135
"../../../Engine/Content/EngineMaterials/Black_1x1_EXR_Texture_VT.ubulk" 136
"../../../Engine/Content/EngineMaterials/Black_1x1_EXR_Texture_VT.uasset" 137
"../../../Engine/Content/EngineMaterials/Black_1x1_EXR_Texture_VT.uexp" 138
"../../../Engine/Content/EngineMaterials/FlattenMaterial_VT.uasset" 139
"../../../Engine/Content/EngineMaterials/FlattenMaterial_VT.uexp" 140
"../../../Engine/Content/EngineMaterials/FlattenMaterial_WS_Normal_VT.uasset" 141
"../../../Engine/Content/EngineMaterials/FlattenMaterial_WS_Normal_VT.uexp" 142
"../../../Engine/Content/BasicShapes/BasicShapeMaterial.uasset" 143
"../../../Engine/Content/BasicShapes/BasicShapeMaterial.uexp" 144
"../../../Engine/Content/EngineResources/Black.uasset" 145
"../../../Engine/Content/EngineResources/Black.uexp" 146
"../../../Engine/Content/EngineDebugMaterials/M_SimpleUnlitTranslucent.uasset" 147
"../../../Engine/Content/EngineDebugMaterials/M_SimpleUnlitTranslucent.uexp" 148
"../../../Engine/Content/EngineMaterials/T_Default_Material_Grid_M.ubulk" 149
"../../../Engine/Content/EngineMaterials/T_Default_Material_Grid_M.uasset" 150
"../../../Engine/Content/EngineMaterials/T_Default_Material_Grid_M.uexp" 151
"../../../Engine/Content/EngineMaterials/T_Default_Material_Grid_N.ubulk" 152
"../../../Engine/Content/EngineMaterials/T_Default_Material_Grid_N.uasset" 153
"../../../Engine/Content/EngineMaterials/T_Default_Material_Grid_N.uexp" 154
"../../../Engine/Content/Functions/Engine_MaterialFunctions01/Opacity/CameraDepthFade.uasset" 155
"../../../Engine/Content/Functions/Engine_MaterialFunctions01/Opacity/CameraDepthFade.uexp" 156
"../../../Engine/Content/EngineMaterials/WorldGridMaterial.uasset" 157
"../../../Engine/Content/EngineMaterials/WorldGridMaterial.uexp" 158
"../../../Engine/Plugins/Animation/ControlRig/Content/Controls/ControlRig_Wedge_1mm.uasset" 159
"../../../Engine/Plugins/Animation/ControlRig/Content/Controls/ControlRig_Wedge_1mm.uexp" 160
"../../../Engine/Content/EngineMaterials/GizmoMaterial.uasset" 161
"../../../Engine/Content/EngineMaterials/GizmoMaterial.uexp" 162
"../../../Engine/Content/Functions/Engine_MaterialFunctions02/Utility/CameraDirectionVector.uasset" 163
"../../../Engine/Content/Functions/Engine_MaterialFunctions02/Utility/CameraDirectionVector.uexp" 164
"../../../Engine/Content/EngineDebugMaterials/VolumeToRender.uasset" 165
"../../../Engine/Content/EngineDebugMaterials/VolumeToRender.uexp" 166
"../../../Engine/Content/EngineDebugMaterials/M_VolumeRenderSphereTracePP.uasset" 167
"../../../Engine/Content/EngineDebugMaterials/M_VolumeRenderSphereTracePP.uexp" 168
"../../../Engine/Content/EngineResources/DefaultTexture.ubulk" 169
"../../../Engine/Content/EngineResources/DefaultTexture.uasset" 170
"../../../Engine/Content/EngineResources/DefaultTexture.uexp" 171
"../../../Engine/Plugins/Animation/ControlRig/Content/Controls/ControlRig_Wedge_3mm.uasset" 172
"../../../Engine/Plugins/Animation/ControlRig/Content/Controls/ControlRig_Wedge_3mm.uexp" 173
"../../../Engine/Plugins/Media/MediaPlate/Content/SM_MediaPlateScreen.uasset" 174
"../../../Engine/Plugins/Media/MediaPlate/Content/SM_MediaPlateScreen.uexp" 175
"../../../Engine/Content/EngineResources/DefaultTextureCube.uasset" 176
"../../../Engine/Content/EngineResources/DefaultTextureCube.uexp" 177
"../../../Engine/Content/EngineMaterials/DefaultMaterial.uasset" 178
"../../../Engine/Content/EngineMaterials/DefaultMaterial.uexp" 179
"../../../Engine/Content/BasicShapes/Cone.uasset" 180
"../../../Engine/Content/BasicShapes/Cone.uexp" 181
"../../../Engine/Plugins/NNE/NNEDenoiser/Content/NNEDIM_ColorAlbedoNormal_Alpha.uasset" 182
"../../../Engine/Plugins/NNE/NNEDenoiser/Content/NNEDIM_ColorAlbedoNormal_Alpha.uexp" 183
"../../../Engine/Plugins/Animation/ControlRig/Content/Controls/ControlRig_Wedge_solid.uasset" 184
"../../../Engine/Plugins/Animation/ControlRig/Content/Controls/ControlRig_Wedge_solid.uexp" 185
"../../../Engine/Plugins/NNE/NNEDenoiser/Content/NNEDIM_ColorAlbedoNormal_Default.uasset" 186
"../../../Engine/Plugins/NNE/NNEDenoiser/Content/NNEDIM_ColorAlbedoNormal_Default.uexp" 187
"../../../Engine/Plugins/NNE/NNEDenoiser/Content/NNEDIM_HighQuality_Alpha.uasset" 188
"../../../Engine/Plugins/NNE/NNEDenoiser/Content/NNEDIM_HighQuality_Alpha.uexp" 189
"../../../Engine/Plugins/NNE/NNEDenoiser/Content/NNEDIM_HighQuality_Default.uasset" 190
"../../../Engine/Plugins/NNE/NNEDenoiser/Content/NNEDIM_HighQuality_Default.uexp" 191
"../../../Engine/Plugins/NNE/NNEDenoiser/Content/NNEDOM_Output_Alpha.uasset" 192
"../../../Engine/Plugins/NNE/NNEDenoiser/Content/NNEDOM_Output_Alpha.uexp" 193
"../../../Engine/Content/BasicShapes/Cube.uasset" 194
"../../../Engine/Content/BasicShapes/Cube.uexp" 195
"../../../Engine/Plugins/NNE/NNEDenoiser/Content/NNEDOM_Output_Default.uasset" 196
"../../../Engine/Plugins/NNE/NNEDenoiser/Content/NNEDOM_Output_Default.uexp" 197
"../../../Engine/Plugins/NNE/NNEDenoiser/Content/NNEDTIM_ColorAlbedoNormal_Alpha.uasset" 198
"../../../Engine/Plugins/NNE/NNEDenoiser/Content/NNEDTIM_ColorAlbedoNormal_Alpha.uexp" 199
"../../../Engine/Plugins/NNE/NNEDenoiser/Content/NNEDTIM_ColorAlbedoNormal_Default.uasset" 200
"../../../Engine/Plugins/NNE/NNEDenoiser/Content/NNEDTIM_ColorAlbedoNormal_Default.uexp" 201
"../../../Engine/Plugins/NNE/NNEDenoiser/Content/NNEDTOM_Output_Alpha.uasset" 202
"../../../Engine/Plugins/NNE/NNEDenoiser/Content/NNEDTOM_Output_Alpha.uexp" 203
"../../../Engine/Content/EngineResources/DefaultVolumeTexture2D.uasset" 204
"../../../Engine/Content/EngineResources/DefaultVolumeTexture2D.uexp" 205
"../../../Engine/Content/EngineResources/DefaultVolumeTexture.uasset" 206
"../../../Engine/Content/EngineResources/DefaultVolumeTexture.uexp" 207
"../../../Engine/Plugins/NNE/NNEDenoiser/Content/NNEDTOM_Output_Default.uasset" 208
"../../../Engine/Plugins/NNE/NNEDenoiser/Content/NNEDTOM_Output_Default.uexp" 209
"../../../Engine/Content/EditorResources/BSPVertex.uasset" 210
"../../../Engine/Content/EditorResources/BSPVertex.uexp" 211
"../../../Engine/Plugins/NNE/NNEDenoiser/Content/NNEDT_Oidn2-3_Balanced.uasset" 212
"../../../Engine/Plugins/NNE/NNEDenoiser/Content/NNEDT_Oidn2-3_Balanced.uexp" 213
"../../../Engine/Plugins/NNE/NNEDenoiser/Content/NNEDT_Oidn2-3_Balanced_Alpha.uasset" 214
"../../../Engine/Plugins/NNE/NNEDenoiser/Content/NNEDT_Oidn2-3_Balanced_Alpha.uexp" 215
"../../../Engine/Plugins/NNE/NNEDenoiser/Content/NNED_Oidn2-3_Balanced.uasset" 216
"../../../Engine/Plugins/NNE/NNEDenoiser/Content/NNED_Oidn2-3_Balanced.uexp" 217
"../../../Engine/Plugins/NNE/NNEDenoiser/Content/NNED_Oidn2-3_Balanced_Alpha.uasset" 218
"../../../Engine/Plugins/NNE/NNEDenoiser/Content/NNED_Oidn2-3_Balanced_Alpha.uexp" 219
"../../../Engine/Plugins/NNE/NNEDenoiser/Content/NNED_Oidn2-3_Fast.uasset" 220
"../../../Engine/Plugins/NNE/NNEDenoiser/Content/NNED_Oidn2-3_Fast.uexp" 221
"../../../Engine/Plugins/NNE/NNEDenoiser/Content/NNED_Oidn2-3_Fast_Alpha.uasset" 222
"../../../Engine/Plugins/NNE/NNEDenoiser/Content/NNED_Oidn2-3_Fast_Alpha.uexp" 223
"../../../Engine/Plugins/NNE/NNEDenoiser/Content/NNED_Oidn2-3_HighQuality.uasset" 224
"../../../Engine/Plugins/NNE/NNEDenoiser/Content/NNED_Oidn2-3_HighQuality.uexp" 225
"../../../Engine/Plugins/NNE/NNEDenoiser/Content/NNED_Oidn2-3_HighQuality_Alpha.uasset" 226
"../../../Engine/Plugins/NNE/NNEDenoiser/Content/NNED_Oidn2-3_HighQuality_Alpha.uexp" 227
"../../../Engine/Plugins/NNE/NNEDenoiser/Content/NNE_oidn2-3-0_rt_hdr_alb_nrm_small__dyn__fp16_opset11_DenoiseAlpha.uasset" 228
"../../../Engine/Plugins/NNE/NNEDenoiser/Content/NNE_oidn2-3-0_rt_hdr_alb_nrm_small__dyn__fp16_opset11_DenoiseAlpha.uexp" 229
"../../../Engine/Plugins/NNE/NNEDenoiser/Content/NNE_oidn2-3-0_rt_hdr_alb_nrm_small__dyn__fp16_opset11_ForwardAlpha.uasset" 230
"../../../Engine/Plugins/NNE/NNEDenoiser/Content/NNE_oidn2-3-0_rt_hdr_alb_nrm_small__dyn__fp16_opset11_ForwardAlpha.uexp" 231
"../../../Engine/Content/BasicShapes/Cylinder.uasset" 232
"../../../Engine/Content/BasicShapes/Cylinder.uexp" 233
"../../../Engine/Plugins/NNE/NNEDenoiser/Content/NNE_oidn2-3-0_rt_hdr_alb_nrm__dyn__fp16_opset11_DenoiseAlpha.uasset" 234
"../../../Engine/Plugins/NNE/NNEDenoiser/Content/NNE_oidn2-3-0_rt_hdr_alb_nrm__dyn__fp16_opset11_DenoiseAlpha.uexp" 235
"../../../Engine/Plugins/NNE/NNEDenoiser/Content/NNE_oidn2-3-0_rt_hdr_alb_nrm__dyn__fp16_opset11_ForwardAlpha.uasset" 236
"../../../Engine/Plugins/NNE/NNEDenoiser/Content/NNE_oidn2-3-0_rt_hdr_alb_nrm__dyn__fp16_opset11_ForwardAlpha.uexp" 237
"../../../Engine/Plugins/NNE/NNEDenoiser/Content/NNE_oidn2-3-0_rt_hdr_calb_cnrm_large__dyn__fp16_opset11_DenoiseAlpha.uasset" 238
"../../../Engine/Plugins/NNE/NNEDenoiser/Content/NNE_oidn2-3-0_rt_hdr_calb_cnrm_large__dyn__fp16_opset11_DenoiseAlpha.uexp" 239
"../../../Engine/Content/EngineResources/GradientTexture0.uasset" 240
"../../../Engine/Content/EngineResources/GradientTexture0.uexp" 241
"../../../Engine/Plugins/NNE/NNEDenoiser/Content/NNE_oidn2-3-0_rt_hdr_calb_cnrm_large__dyn__fp16_opset11_ForwardAlpha.uasset" 242
"../../../Engine/Plugins/NNE/NNEDenoiser/Content/NNE_oidn2-3-0_rt_hdr_calb_cnrm_large__dyn__fp16_opset11_ForwardAlpha.uexp" 243
"../../../Engine/Content/BasicShapes/Plane.uasset" 244
"../../../Engine/Content/BasicShapes/Plane.uexp" 245
"../../../Engine/Content/BasicShapes/Sphere.uasset" 246
"../../../Engine/Content/BasicShapes/Sphere.uexp" 247
"../../../Engine/Content/EngineMaterials/MiniFont.uasset" 248
"../../../Engine/Content/EngineMaterials/MiniFont.uexp" 249
"../../../Engine/Content/EngineMaterials/InvalidLightmapSettings.ubulk" 250
"../../../Engine/Content/EngineMaterials/InvalidLightmapSettings.uasset" 251
"../../../Engine/Content/EngineMaterials/InvalidLightmapSettings.uexp" 252
"../../../Engine/Content/EngineMaterials/M_InvalidLightmapSettings.uasset" 253
"../../../Engine/Content/EngineMaterials/M_InvalidLightmapSettings.uexp" 254
"../../../Engine/Content/EngineMaterials/NaniteHiddenSectionMaterial.uasset" 255
"../../../Engine/Content/EngineMaterials/NaniteHiddenSectionMaterial.uexp" 256
"../../../Engine/Content/EngineResources/LandscapeVisibilityLayerInfo.uasset" 257
"../../../Engine/Content/EngineResources/LandscapeVisibilityLayerInfo.uexp" 258
"D:/Diploma_Project/shogun-no-kage/Tini_Soguna/Content/Input/Actions/IA_Attack.uasset" 259
"D:/Diploma_Project/shogun-no-kage/Tini_Soguna/Content/Input/Actions/IA_Attack.uexp" 260
"D:/Diploma_Project/shogun-no-kage/Tini_Soguna/Content/Input/Actions/IA_Jump.uasset" 261
"D:/Diploma_Project/shogun-no-kage/Tini_Soguna/Content/Input/Actions/IA_Jump.uexp" 262
"D:/Diploma_Project/shogun-no-kage/Tini_Soguna/Content/Input/Actions/IA_JumpAttack.uasset" 263
"D:/Diploma_Project/shogun-no-kage/Tini_Soguna/Content/Input/Actions/IA_JumpAttack.uexp" 264
"D:/Diploma_Project/shogun-no-kage/Tini_Soguna/Content/Input/Actions/IA_Move.uasset" 265
"D:/Diploma_Project/shogun-no-kage/Tini_Soguna/Content/Input/Actions/IA_Move.uexp" 266
"D:/Diploma_Project/shogun-no-kage/Tini_Soguna/Content/Input/Actions/IA_Pause.uasset" 267
"D:/Diploma_Project/shogun-no-kage/Tini_Soguna/Content/Input/Actions/IA_Pause.uexp" 268
"D:/Diploma_Project/shogun-no-kage/Tini_Soguna/Content/Input/Actions/IA_Throw.uasset" 269
"D:/Diploma_Project/shogun-no-kage/Tini_Soguna/Content/Input/Actions/IA_Throw.uexp" 270
"D:/Diploma_Project/shogun-no-kage/Tini_Soguna/Content/Input/IMC_Action.uasset" 271
"D:/Diploma_Project/shogun-no-kage/Tini_Soguna/Content/Input/IMC_Action.uexp" 272
"D:/Diploma_Project/shogun-no-kage/Tini_Soguna/Content/Sounds/NewFolder/old_samurai_hit.ubulk" 273
"D:/Diploma_Project/shogun-no-kage/Tini_Soguna/Content/Sounds/NewFolder/old_samurai_hit.uasset" 274
"D:/Diploma_Project/shogun-no-kage/Tini_Soguna/Content/Sounds/NewFolder/old_samurai_hit.uexp" 275
"D:/Diploma_Project/shogun-no-kage/Tini_Soguna/Content/Sounds/old_samurai_hit_Cue.uasset" 276
"D:/Diploma_Project/shogun-no-kage/Tini_Soguna/Content/Sounds/old_samurai_hit_Cue.uexp" 277
"D:/Diploma_Project/shogun-no-kage/Tini_Soguna/Content/UI/1_-_9vTrX4y.uasset" 278
"D:/Diploma_Project/shogun-no-kage/Tini_Soguna/Content/UI/1_-_9vTrX4y.uexp" 279
"D:/Diploma_Project/shogun-no-kage/Tini_Soguna/Content/UI/2_-_TdcYXnp.uasset" 280
"D:/Diploma_Project/shogun-no-kage/Tini_Soguna/Content/UI/2_-_TdcYXnp.uexp" 281
"D:/Diploma_Project/shogun-no-kage/Tini_Soguna/Content/UI/Health_Bar.uasset" 282
"D:/Diploma_Project/shogun-no-kage/Tini_Soguna/Content/UI/Health_Bar.uexp" 283
"D:/Diploma_Project/shogun-no-kage/Tini_Soguna/Content/Sounds/NewFolder/ronin_hit.ubulk" 284
"D:/Diploma_Project/shogun-no-kage/Tini_Soguna/Content/Sounds/NewFolder/ronin_hit.uasset" 285
"D:/Diploma_Project/shogun-no-kage/Tini_Soguna/Content/Sounds/NewFolder/ronin_hit.uexp" 286
"D:/Diploma_Project/shogun-no-kage/Tini_Soguna/Content/Sounds/ronin_hit_Cue.uasset" 287
"D:/Diploma_Project/shogun-no-kage/Tini_Soguna/Content/Sounds/ronin_hit_Cue.uexp" 288
"D:/Diploma_Project/shogun-no-kage/Tini_Soguna/Content/PaperAssets/Ronin/idle/IDLE.uasset" 289
"D:/Diploma_Project/shogun-no-kage/Tini_Soguna/Content/PaperAssets/Ronin/idle/IDLE.uexp" 290
"D:/Diploma_Project/shogun-no-kage/Tini_Soguna/Content/PaperAssets/Ronin/idle/IDLE_Sprite_0.uasset" 291
"D:/Diploma_Project/shogun-no-kage/Tini_Soguna/Content/PaperAssets/Ronin/idle/IDLE_Sprite_0.uexp" 292
"D:/Diploma_Project/shogun-no-kage/Tini_Soguna/Content/PaperAssets/Ronin/idle/IDLE_Sprite_1.uasset" 293
"D:/Diploma_Project/shogun-no-kage/Tini_Soguna/Content/PaperAssets/Ronin/idle/IDLE_Sprite_1.uexp" 294
"D:/Diploma_Project/shogun-no-kage/Tini_Soguna/Content/PaperAssets/Ronin/idle/IDLE_Sprite_2.uasset" 295
"D:/Diploma_Project/shogun-no-kage/Tini_Soguna/Content/PaperAssets/Ronin/idle/IDLE_Sprite_2.uexp" 296
"D:/Diploma_Project/shogun-no-kage/Tini_Soguna/Content/PaperAssets/Ronin/idle/IDLE_Sprite_3.uasset" 297
"D:/Diploma_Project/shogun-no-kage/Tini_Soguna/Content/PaperAssets/Ronin/idle/IDLE_Sprite_3.uexp" 298
"D:/Diploma_Project/shogun-no-kage/Tini_Soguna/Content/PaperAssets/Ronin/idle/IDLE_Sprite_4.uasset" 299
"D:/Diploma_Project/shogun-no-kage/Tini_Soguna/Content/PaperAssets/Ronin/idle/IDLE_Sprite_4.uexp" 300
"D:/Diploma_Project/shogun-no-kage/Tini_Soguna/Content/PaperAssets/Ronin/idle/IDLE_Sprite_5.uasset" 301
"D:/Diploma_Project/shogun-no-kage/Tini_Soguna/Content/PaperAssets/Ronin/idle/IDLE_Sprite_5.uexp" 302
"D:/Diploma_Project/shogun-no-kage/Tini_Soguna/Content/PaperAssets/Ronin/idle/IDLE_Sprite_6.uasset" 303
"D:/Diploma_Project/shogun-no-kage/Tini_Soguna/Content/PaperAssets/Ronin/idle/IDLE_Sprite_6.uexp" 304
"D:/Diploma_Project/shogun-no-kage/Tini_Soguna/Content/PaperAssets/Ronin/idle/IDLE_Sprite_7.uasset" 305
"D:/Diploma_Project/shogun-no-kage/Tini_Soguna/Content/PaperAssets/Ronin/idle/IDLE_Sprite_7.uexp" 306
"D:/Diploma_Project/shogun-no-kage/Tini_Soguna/Content/PaperAssets/Ronin/idle/IDLE_Sprite_8.uasset" 307
"D:/Diploma_Project/shogun-no-kage/Tini_Soguna/Content/PaperAssets/Ronin/idle/IDLE_Sprite_8.uexp" 308
"D:/Diploma_Project/shogun-no-kage/Tini_Soguna/Content/PaperAssets/Ronin/idle/IDLE_Sprite_9.uasset" 309
"D:/Diploma_Project/shogun-no-kage/Tini_Soguna/Content/PaperAssets/Ronin/idle/IDLE_Sprite_9.uexp" 310
"D:/Diploma_Project/shogun-no-kage/Tini_Soguna/Content/PaperAssets/Ronin/idle/IDLE_Sprite_10.uasset" 311
"D:/Diploma_Project/shogun-no-kage/Tini_Soguna/Content/PaperAssets/Ronin/idle/IDLE_Sprite_10.uexp" 312
"D:/Diploma_Project/shogun-no-kage/Tini_Soguna/Content/PaperAssets/Ronin/idle/IDLE_Sprite_11.uasset" 313
"D:/Diploma_Project/shogun-no-kage/Tini_Soguna/Content/PaperAssets/Ronin/idle/IDLE_Sprite_11.uexp" 314
"D:/Diploma_Project/shogun-no-kage/Tini_Soguna/Content/PaperAssets/Ronin/idle/IDLE_Sprite_12.uasset" 315
"D:/Diploma_Project/shogun-no-kage/Tini_Soguna/Content/PaperAssets/Ronin/idle/IDLE_Sprite_12.uexp" 316
"D:/Diploma_Project/shogun-no-kage/Tini_Soguna/Content/PaperAssets/Ronin/idle/IDLE_Sprite_13.uasset" 317
"D:/Diploma_Project/shogun-no-kage/Tini_Soguna/Content/PaperAssets/Ronin/idle/IDLE_Sprite_13.uexp" 318
"D:/Diploma_Project/shogun-no-kage/Tini_Soguna/Content/PaperAssets/Ronin/Animations/Idle_ronin.uasset" 319
"D:/Diploma_Project/shogun-no-kage/Tini_Soguna/Content/PaperAssets/Ronin/Animations/Idle_ronin.uexp" 320
"D:/Diploma_Project/shogun-no-kage/Tini_Soguna/Content/Blueprints/Characters/BP_ActionChar_ronin.uasset" 321
"D:/Diploma_Project/shogun-no-kage/Tini_Soguna/Content/Blueprints/Characters/BP_ActionChar_ronin.uexp" 322
"D:/Diploma_Project/shogun-no-kage/Tini_Soguna/Content/PaperAssets/Old_samurai/Idle/IDLE.uasset" 323
"D:/Diploma_Project/shogun-no-kage/Tini_Soguna/Content/PaperAssets/Old_samurai/Idle/IDLE.uexp" 324
"D:/Diploma_Project/shogun-no-kage/Tini_Soguna/Content/PaperAssets/Old_samurai/Idle/IDLE_Sprite_0.uasset" 325
"D:/Diploma_Project/shogun-no-kage/Tini_Soguna/Content/PaperAssets/Old_samurai/Idle/IDLE_Sprite_0.uexp" 326
"D:/Diploma_Project/shogun-no-kage/Tini_Soguna/Content/PaperAssets/Old_samurai/Idle/IDLE_Sprite_1.uasset" 327
"D:/Diploma_Project/shogun-no-kage/Tini_Soguna/Content/PaperAssets/Old_samurai/Idle/IDLE_Sprite_1.uexp" 328
"D:/Diploma_Project/shogun-no-kage/Tini_Soguna/Content/PaperAssets/Old_samurai/Idle/IDLE_Sprite_2.uasset" 329
"D:/Diploma_Project/shogun-no-kage/Tini_Soguna/Content/PaperAssets/Old_samurai/Idle/IDLE_Sprite_2.uexp" 330
"D:/Diploma_Project/shogun-no-kage/Tini_Soguna/Content/PaperAssets/Old_samurai/Idle/IDLE_Sprite_3.uasset" 331
"D:/Diploma_Project/shogun-no-kage/Tini_Soguna/Content/PaperAssets/Old_samurai/Idle/IDLE_Sprite_3.uexp" 332
"D:/Diploma_Project/shogun-no-kage/Tini_Soguna/Content/PaperAssets/Old_samurai/Idle/IDLE_Sprite_4.uasset" 333
"D:/Diploma_Project/shogun-no-kage/Tini_Soguna/Content/PaperAssets/Old_samurai/Idle/IDLE_Sprite_4.uexp" 334
"D:/Diploma_Project/shogun-no-kage/Tini_Soguna/Content/PaperAssets/Old_samurai/Idle/IDLE_Sprite_5.uasset" 335
"D:/Diploma_Project/shogun-no-kage/Tini_Soguna/Content/PaperAssets/Old_samurai/Idle/IDLE_Sprite_5.uexp" 336
"D:/Diploma_Project/shogun-no-kage/Tini_Soguna/Content/PaperAssets/Old_samurai/Idle/IDLE_Sprite_6.uasset" 337
"D:/Diploma_Project/shogun-no-kage/Tini_Soguna/Content/PaperAssets/Old_samurai/Idle/IDLE_Sprite_6.uexp" 338
"D:/Diploma_Project/shogun-no-kage/Tini_Soguna/Content/PaperAssets/Old_samurai/Idle/IDLE_Sprite_7.uasset" 339
"D:/Diploma_Project/shogun-no-kage/Tini_Soguna/Content/PaperAssets/Old_samurai/Idle/IDLE_Sprite_7.uexp" 340
"D:/Diploma_Project/shogun-no-kage/Tini_Soguna/Content/PaperAssets/Old_samurai/Idle/IDLE_Sprite_8.uasset" 341
"D:/Diploma_Project/shogun-no-kage/Tini_Soguna/Content/PaperAssets/Old_samurai/Idle/IDLE_Sprite_8.uexp" 342
"D:/Diploma_Project/shogun-no-kage/Tini_Soguna/Content/PaperAssets/Old_samurai/Idle/IDLE_Sprite_9.uasset" 343
"D:/Diploma_Project/shogun-no-kage/Tini_Soguna/Content/PaperAssets/Old_samurai/Idle/IDLE_Sprite_9.uexp" 344
"D:/Diploma_Project/shogun-no-kage/Tini_Soguna/Content/PaperAssets/Old_samurai/Animations/Idle_old_samurai.uasset" 345
"D:/Diploma_Project/shogun-no-kage/Tini_Soguna/Content/PaperAssets/Old_samurai/Animations/Idle_old_samurai.uexp" 346
"D:/Diploma_Project/shogun-no-kage/Tini_Soguna/Content/Blueprints/Characters/BP_ActionChar_old_samurai.uasset" 347
"D:/Diploma_Project/shogun-no-kage/Tini_Soguna/Content/Blueprints/Characters/BP_ActionChar_old_samurai.uexp" 348
"D:/Diploma_Project/shogun-no-kage/Tini_Soguna/Content/UI/Pause_menu.uasset" 349
"D:/Diploma_Project/shogun-no-kage/Tini_Soguna/Content/UI/Pause_menu.uexp" 350
"D:/Diploma_Project/shogun-no-kage/Tini_Soguna/Content/Blueprints/Characters/Old_samurai/AS_old_samurai.uasset" 351
"D:/Diploma_Project/shogun-no-kage/Tini_Soguna/Content/Blueprints/Characters/Old_samurai/AS_old_samurai.uexp" 352
"D:/Diploma_Project/shogun-no-kage/Tini_Soguna/Content/PaperAssets/Old_samurai/Death/DEATH.uasset" 353
"D:/Diploma_Project/shogun-no-kage/Tini_Soguna/Content/PaperAssets/Old_samurai/Death/DEATH.uexp" 354
"D:/Diploma_Project/shogun-no-kage/Tini_Soguna/Content/PaperAssets/Old_samurai/Death/DEATH_Sprite_0.uasset" 355
"D:/Diploma_Project/shogun-no-kage/Tini_Soguna/Content/PaperAssets/Old_samurai/Death/DEATH_Sprite_0.uexp" 356
"D:/Diploma_Project/shogun-no-kage/Tini_Soguna/Content/PaperAssets/Old_samurai/Death/DEATH_Sprite_1.uasset" 357
"D:/Diploma_Project/shogun-no-kage/Tini_Soguna/Content/PaperAssets/Old_samurai/Death/DEATH_Sprite_1.uexp" 358
"D:/Diploma_Project/shogun-no-kage/Tini_Soguna/Content/PaperAssets/Old_samurai/Death/DEATH_Sprite_3.uasset" 359
"D:/Diploma_Project/shogun-no-kage/Tini_Soguna/Content/PaperAssets/Old_samurai/Death/DEATH_Sprite_3.uexp" 360
"D:/Diploma_Project/shogun-no-kage/Tini_Soguna/Content/PaperAssets/Old_samurai/Death/DEATH_Sprite_5.uasset" 361
"D:/Diploma_Project/shogun-no-kage/Tini_Soguna/Content/PaperAssets/Old_samurai/Death/DEATH_Sprite_5.uexp" 362
"D:/Diploma_Project/shogun-no-kage/Tini_Soguna/Content/PaperAssets/Old_samurai/Death/DEATH_Sprite_7.uasset" 363
"D:/Diploma_Project/shogun-no-kage/Tini_Soguna/Content/PaperAssets/Old_samurai/Death/DEATH_Sprite_7.uexp" 364
"D:/Diploma_Project/shogun-no-kage/Tini_Soguna/Content/PaperAssets/Old_samurai/Death/Death_old_samurai.uasset" 365
"D:/Diploma_Project/shogun-no-kage/Tini_Soguna/Content/PaperAssets/Old_samurai/Death/Death_old_samurai.uexp" 366
"D:/Diploma_Project/shogun-no-kage/Tini_Soguna/Content/Blueprints/Characters/Old_samurai/AnimSequences/Defeated.uasset" 367
"D:/Diploma_Project/shogun-no-kage/Tini_Soguna/Content/Blueprints/Characters/Old_samurai/AnimSequences/Defeated.uexp" 368
"D:/Diploma_Project/shogun-no-kage/Tini_Soguna/Content/PaperAssets/Old_samurai/Jump/JUMP-FALL.uasset" 369
"D:/Diploma_Project/shogun-no-kage/Tini_Soguna/Content/PaperAssets/Old_samurai/Jump/JUMP-FALL.uexp" 370
"D:/Diploma_Project/shogun-no-kage/Tini_Soguna/Content/PaperAssets/Old_samurai/Jump/JUMP-FALL_Sprite_0.uasset" 371
"D:/Diploma_Project/shogun-no-kage/Tini_Soguna/Content/PaperAssets/Old_samurai/Jump/JUMP-FALL_Sprite_0.uexp" 372
"D:/Diploma_Project/shogun-no-kage/Tini_Soguna/Content/PaperAssets/Old_samurai/Jump/JUMP-FALL_Sprite_1.uasset" 373
"D:/Diploma_Project/shogun-no-kage/Tini_Soguna/Content/PaperAssets/Old_samurai/Jump/JUMP-FALL_Sprite_1.uexp" 374
"D:/Diploma_Project/shogun-no-kage/Tini_Soguna/Content/PaperAssets/Old_samurai/Jump/JUMP-FALL_Sprite_2.uasset" 375
"D:/Diploma_Project/shogun-no-kage/Tini_Soguna/Content/PaperAssets/Old_samurai/Jump/JUMP-FALL_Sprite_2.uexp" 376
"D:/Diploma_Project/shogun-no-kage/Tini_Soguna/Content/PaperAssets/Old_samurai/Animations/Jumpfall.uasset" 377
"D:/Diploma_Project/shogun-no-kage/Tini_Soguna/Content/PaperAssets/Old_samurai/Animations/Jumpfall.uexp" 378
"D:/Diploma_Project/shogun-no-kage/Tini_Soguna/Content/Blueprints/Characters/Old_samurai/AnimSequences/Fall.uasset" 379
"D:/Diploma_Project/shogun-no-kage/Tini_Soguna/Content/Blueprints/Characters/Old_samurai/AnimSequences/Fall.uexp" 380
"D:/Diploma_Project/shogun-no-kage/Tini_Soguna/Content/Blueprints/Characters/Old_samurai/AnimSequences/Idle.uasset" 381
"D:/Diploma_Project/shogun-no-kage/Tini_Soguna/Content/Blueprints/Characters/Old_samurai/AnimSequences/Idle.uexp" 382
"D:/Diploma_Project/shogun-no-kage/Tini_Soguna/Content/PaperAssets/Old_samurai/Jump/JUMP-START.uasset" 383
"D:/Diploma_Project/shogun-no-kage/Tini_Soguna/Content/PaperAssets/Old_samurai/Jump/JUMP-START.uexp" 384
"D:/Diploma_Project/shogun-no-kage/Tini_Soguna/Content/PaperAssets/Old_samurai/Jump/JUMP-START_Sprite_0.uasset" 385
"D:/Diploma_Project/shogun-no-kage/Tini_Soguna/Content/PaperAssets/Old_samurai/Jump/JUMP-START_Sprite_0.uexp" 386
"D:/Diploma_Project/shogun-no-kage/Tini_Soguna/Content/PaperAssets/Old_samurai/Jump/JUMP-START_Sprite_1.uasset" 387
"D:/Diploma_Project/shogun-no-kage/Tini_Soguna/Content/PaperAssets/Old_samurai/Jump/JUMP-START_Sprite_1.uexp" 388
"D:/Diploma_Project/shogun-no-kage/Tini_Soguna/Content/PaperAssets/Old_samurai/Jump/JUMP-START_Sprite_2.uasset" 389
"D:/Diploma_Project/shogun-no-kage/Tini_Soguna/Content/PaperAssets/Old_samurai/Jump/JUMP-START_Sprite_2.uexp" 390
"D:/Diploma_Project/shogun-no-kage/Tini_Soguna/Content/PaperAssets/Old_samurai/Animations/Jumpstart.uasset" 391
"D:/Diploma_Project/shogun-no-kage/Tini_Soguna/Content/PaperAssets/Old_samurai/Animations/Jumpstart.uexp" 392
"D:/Diploma_Project/shogun-no-kage/Tini_Soguna/Content/Blueprints/Characters/Old_samurai/AnimSequences/JumpRise.uasset" 393
"D:/Diploma_Project/shogun-no-kage/Tini_Soguna/Content/Blueprints/Characters/Old_samurai/AnimSequences/JumpRise.uexp" 394
"D:/Diploma_Project/shogun-no-kage/Tini_Soguna/Content/PaperAssets/Old_samurai/Run/RUN.uasset" 395
"D:/Diploma_Project/shogun-no-kage/Tini_Soguna/Content/PaperAssets/Old_samurai/Run/RUN.uexp" 396
"D:/Diploma_Project/shogun-no-kage/Tini_Soguna/Content/PaperAssets/Old_samurai/Run/RUN_Sprite_0.uasset" 397
"D:/Diploma_Project/shogun-no-kage/Tini_Soguna/Content/PaperAssets/Old_samurai/Run/RUN_Sprite_0.uexp" 398
"D:/Diploma_Project/shogun-no-kage/Tini_Soguna/Content/PaperAssets/Old_samurai/Run/RUN_Sprite_2.uasset" 399
"D:/Diploma_Project/shogun-no-kage/Tini_Soguna/Content/PaperAssets/Old_samurai/Run/RUN_Sprite_2.uexp" 400
"D:/Diploma_Project/shogun-no-kage/Tini_Soguna/Content/PaperAssets/Old_samurai/Run/RUN_Sprite_3.uasset" 401
"D:/Diploma_Project/shogun-no-kage/Tini_Soguna/Content/PaperAssets/Old_samurai/Run/RUN_Sprite_3.uexp" 402
"D:/Diploma_Project/shogun-no-kage/Tini_Soguna/Content/PaperAssets/Old_samurai/Run/RUN_Sprite_4.uasset" 403
"D:/Diploma_Project/shogun-no-kage/Tini_Soguna/Content/PaperAssets/Old_samurai/Run/RUN_Sprite_4.uexp" 404
"D:/Diploma_Project/shogun-no-kage/Tini_Soguna/Content/PaperAssets/Old_samurai/Run/RUN_Sprite_5.uasset" 405
"D:/Diploma_Project/shogun-no-kage/Tini_Soguna/Content/PaperAssets/Old_samurai/Run/RUN_Sprite_5.uexp" 406
"D:/Diploma_Project/shogun-no-kage/Tini_Soguna/Content/PaperAssets/Old_samurai/Run/RUN_Sprite_6.uasset" 407
"D:/Diploma_Project/shogun-no-kage/Tini_Soguna/Content/PaperAssets/Old_samurai/Run/RUN_Sprite_6.uexp" 408
"D:/Diploma_Project/shogun-no-kage/Tini_Soguna/Content/PaperAssets/Old_samurai/Run/RUN_Sprite_7.uasset" 409
"D:/Diploma_Project/shogun-no-kage/Tini_Soguna/Content/PaperAssets/Old_samurai/Run/RUN_Sprite_7.uexp" 410
"D:/Diploma_Project/shogun-no-kage/Tini_Soguna/Content/PaperAssets/Old_samurai/Run/RUN_Sprite_8.uasset" 411
"D:/Diploma_Project/shogun-no-kage/Tini_Soguna/Content/PaperAssets/Old_samurai/Run/RUN_Sprite_8.uexp" 412
"D:/Diploma_Project/shogun-no-kage/Tini_Soguna/Content/PaperAssets/Old_samurai/Run/RUN_Sprite_9.uasset" 413
"D:/Diploma_Project/shogun-no-kage/Tini_Soguna/Content/PaperAssets/Old_samurai/Run/RUN_Sprite_9.uexp" 414
"D:/Diploma_Project/shogun-no-kage/Tini_Soguna/Content/PaperAssets/Old_samurai/Run/RUN_Sprite_11.uasset" 415
"D:/Diploma_Project/shogun-no-kage/Tini_Soguna/Content/PaperAssets/Old_samurai/Run/RUN_Sprite_11.uexp" 416
"D:/Diploma_Project/shogun-no-kage/Tini_Soguna/Content/PaperAssets/Old_samurai/Run/RUN_Sprite_13.uasset" 417
"D:/Diploma_Project/shogun-no-kage/Tini_Soguna/Content/PaperAssets/Old_samurai/Run/RUN_Sprite_13.uexp" 418
"D:/Diploma_Project/shogun-no-kage/Tini_Soguna/Content/PaperAssets/Old_samurai/Run/RUN_Sprite_15.uasset" 419
"D:/Diploma_Project/shogun-no-kage/Tini_Soguna/Content/PaperAssets/Old_samurai/Run/RUN_Sprite_15.uexp" 420
"D:/Diploma_Project/shogun-no-kage/Tini_Soguna/Content/PaperAssets/Old_samurai/Run/RUN_Sprite_16.uasset" 421
"D:/Diploma_Project/shogun-no-kage/Tini_Soguna/Content/PaperAssets/Old_samurai/Run/RUN_Sprite_16.uexp" 422
"D:/Diploma_Project/shogun-no-kage/Tini_Soguna/Content/PaperAssets/Old_samurai/Run/RUN_Sprite_17.uasset" 423
"D:/Diploma_Project/shogun-no-kage/Tini_Soguna/Content/PaperAssets/Old_samurai/Run/RUN_Sprite_17.uexp" 424
"D:/Diploma_Project/shogun-no-kage/Tini_Soguna/Content/PaperAssets/Old_samurai/Run/RUN_Sprite_18.uasset" 425
"D:/Diploma_Project/shogun-no-kage/Tini_Soguna/Content/PaperAssets/Old_samurai/Run/RUN_Sprite_18.uexp" 426
"D:/Diploma_Project/shogun-no-kage/Tini_Soguna/Content/PaperAssets/Old_samurai/Run/RUN_Sprite_19.uasset" 427
"D:/Diploma_Project/shogun-no-kage/Tini_Soguna/Content/PaperAssets/Old_samurai/Run/RUN_Sprite_19.uexp" 428
"D:/Diploma_Project/shogun-no-kage/Tini_Soguna/Content/PaperAssets/Old_samurai/Animations/Run_old_samurai.uasset" 429
"D:/Diploma_Project/shogun-no-kage/Tini_Soguna/Content/PaperAssets/Old_samurai/Animations/Run_old_samurai.uexp" 430
"D:/Diploma_Project/shogun-no-kage/Tini_Soguna/Content/Blueprints/Characters/Old_samurai/AnimSequences/Run.uasset" 431
"D:/Diploma_Project/shogun-no-kage/Tini_Soguna/Content/Blueprints/Characters/Old_samurai/AnimSequences/Run.uexp" 432
"D:/Diploma_Project/shogun-no-kage/Tini_Soguna/Content/PaperAssets/Old_samurai/Hurt/HURT.uasset" 433
"D:/Diploma_Project/shogun-no-kage/Tini_Soguna/Content/PaperAssets/Old_samurai/Hurt/HURT.uexp" 434
"D:/Diploma_Project/shogun-no-kage/Tini_Soguna/Content/PaperAssets/Old_samurai/Hurt/HURT_Sprite_0.uasset" 435
"D:/Diploma_Project/shogun-no-kage/Tini_Soguna/Content/PaperAssets/Old_samurai/Hurt/HURT_Sprite_0.uexp" 436
"D:/Diploma_Project/shogun-no-kage/Tini_Soguna/Content/PaperAssets/Old_samurai/Hurt/HURT_Sprite_1.uasset" 437
"D:/Diploma_Project/shogun-no-kage/Tini_Soguna/Content/PaperAssets/Old_samurai/Hurt/HURT_Sprite_1.uexp" 438
"D:/Diploma_Project/shogun-no-kage/Tini_Soguna/Content/PaperAssets/Old_samurai/Hurt/HURT_Sprite_2.uasset" 439
"D:/Diploma_Project/shogun-no-kage/Tini_Soguna/Content/PaperAssets/Old_samurai/Hurt/HURT_Sprite_2.uexp" 440
"D:/Diploma_Project/shogun-no-kage/Tini_Soguna/Content/PaperAssets/Old_samurai/Hurt/HURT_Sprite_3.uasset" 441
"D:/Diploma_Project/shogun-no-kage/Tini_Soguna/Content/PaperAssets/Old_samurai/Hurt/HURT_Sprite_3.uexp" 442
"D:/Diploma_Project/shogun-no-kage/Tini_Soguna/Content/PaperAssets/Old_samurai/Animations/Hurt_old_samurai.uasset" 443
"D:/Diploma_Project/shogun-no-kage/Tini_Soguna/Content/PaperAssets/Old_samurai/Animations/Hurt_old_samurai.uexp" 444
"D:/Diploma_Project/shogun-no-kage/Tini_Soguna/Content/Blueprints/Characters/Old_samurai/AnimSequences/Stun.uasset" 445
"D:/Diploma_Project/shogun-no-kage/Tini_Soguna/Content/Blueprints/Characters/Old_samurai/AnimSequences/Stun.uexp" 446
"D:/Diploma_Project/shogun-no-kage/Tini_Soguna/Content/Blueprints/Characters/Old_samurai/ABP_old_samurai.uasset" 447
"D:/Diploma_Project/shogun-no-kage/Tini_Soguna/Content/Blueprints/Characters/Old_samurai/ABP_old_samurai.uexp" 448
"D:/Diploma_Project/shogun-no-kage/Tini_Soguna/Content/Blueprints/NotifyStates/ANS_Attack_Old_samurai.uasset" 449
"D:/Diploma_Project/shogun-no-kage/Tini_Soguna/Content/Blueprints/NotifyStates/ANS_Attack_Old_samurai.uexp" 450
"D:/Diploma_Project/shogun-no-kage/Tini_Soguna/Content/PaperAssets/Old_samurai/Attack/ATTACK_1.uasset" 451
"D:/Diploma_Project/shogun-no-kage/Tini_Soguna/Content/PaperAssets/Old_samurai/Attack/ATTACK_1.uexp" 452
"D:/Diploma_Project/shogun-no-kage/Tini_Soguna/Content/PaperAssets/Old_samurai/Attack/ATTACK_1_Sprite_0.uasset" 453
"D:/Diploma_Project/shogun-no-kage/Tini_Soguna/Content/PaperAssets/Old_samurai/Attack/ATTACK_1_Sprite_0.uexp" 454
"D:/Diploma_Project/shogun-no-kage/Tini_Soguna/Content/PaperAssets/Old_samurai/Attack/ATTACK_1_Sprite_2.uasset" 455
"D:/Diploma_Project/shogun-no-kage/Tini_Soguna/Content/PaperAssets/Old_samurai/Attack/ATTACK_1_Sprite_2.uexp" 456
"D:/Diploma_Project/shogun-no-kage/Tini_Soguna/Content/PaperAssets/Old_samurai/Attack/ATTACK_1_Sprite_4.uasset" 457
"D:/Diploma_Project/shogun-no-kage/Tini_Soguna/Content/PaperAssets/Old_samurai/Attack/ATTACK_1_Sprite_4.uexp" 458
"D:/Diploma_Project/shogun-no-kage/Tini_Soguna/Content/PaperAssets/Old_samurai/Attack/ATTACK_1_Sprite_5.uasset" 459
"D:/Diploma_Project/shogun-no-kage/Tini_Soguna/Content/PaperAssets/Old_samurai/Attack/ATTACK_1_Sprite_5.uexp" 460
"D:/Diploma_Project/shogun-no-kage/Tini_Soguna/Content/PaperAssets/Old_samurai/Attack/ATTACK_1_Sprite_6.uasset" 461
"D:/Diploma_Project/shogun-no-kage/Tini_Soguna/Content/PaperAssets/Old_samurai/Attack/ATTACK_1_Sprite_6.uexp" 462
"D:/Diploma_Project/shogun-no-kage/Tini_Soguna/Content/PaperAssets/Old_samurai/Attack/ATTACK_1_Sprite_7.uasset" 463
"D:/Diploma_Project/shogun-no-kage/Tini_Soguna/Content/PaperAssets/Old_samurai/Attack/ATTACK_1_Sprite_7.uexp" 464
"D:/Diploma_Project/shogun-no-kage/Tini_Soguna/Content/PaperAssets/Old_samurai/Attack/ATTACK_1_Sprite_8.uasset" 465
"D:/Diploma_Project/shogun-no-kage/Tini_Soguna/Content/PaperAssets/Old_samurai/Attack/ATTACK_1_Sprite_8.uexp" 466
"D:/Diploma_Project/shogun-no-kage/Tini_Soguna/Content/PaperAssets/Old_samurai/Animations/Attack1.uasset" 467
"D:/Diploma_Project/shogun-no-kage/Tini_Soguna/Content/PaperAssets/Old_samurai/Animations/Attack1.uexp" 468
"D:/Diploma_Project/shogun-no-kage/Tini_Soguna/Content/Blueprints/Characters/Old_samurai/AnimSequences/Attack.uasset" 469
"D:/Diploma_Project/shogun-no-kage/Tini_Soguna/Content/Blueprints/Characters/Old_samurai/AnimSequences/Attack.uexp" 470
"D:/Diploma_Project/shogun-no-kage/Tini_Soguna/Content/PaperAssets/Old_samurai/JumpAttack/AIR_ATTACK.uasset" 471
"D:/Diploma_Project/shogun-no-kage/Tini_Soguna/Content/PaperAssets/Old_samurai/JumpAttack/AIR_ATTACK.uexp" 472
"D:/Diploma_Project/shogun-no-kage/Tini_Soguna/Content/PaperAssets/Old_samurai/JumpAttack/AIR_ATTACK_Sprite_0.uasset" 473
"D:/Diploma_Project/shogun-no-kage/Tini_Soguna/Content/PaperAssets/Old_samurai/JumpAttack/AIR_ATTACK_Sprite_0.uexp" 474
"D:/Diploma_Project/shogun-no-kage/Tini_Soguna/Content/PaperAssets/Old_samurai/JumpAttack/AIR_ATTACK_Sprite_1.uasset" 475
"D:/Diploma_Project/shogun-no-kage/Tini_Soguna/Content/PaperAssets/Old_samurai/JumpAttack/AIR_ATTACK_Sprite_1.uexp" 476
"D:/Diploma_Project/shogun-no-kage/Tini_Soguna/Content/PaperAssets/Old_samurai/JumpAttack/AIR_ATTACK_Sprite_3.uasset" 477
"D:/Diploma_Project/shogun-no-kage/Tini_Soguna/Content/PaperAssets/Old_samurai/JumpAttack/AIR_ATTACK_Sprite_3.uexp" 478
"D:/Diploma_Project/shogun-no-kage/Tini_Soguna/Content/PaperAssets/Old_samurai/JumpAttack/AIR_ATTACK_Sprite_5.uasset" 479
"D:/Diploma_Project/shogun-no-kage/Tini_Soguna/Content/PaperAssets/Old_samurai/JumpAttack/AIR_ATTACK_Sprite_5.uexp" 480
"D:/Diploma_Project/shogun-no-kage/Tini_Soguna/Content/PaperAssets/Old_samurai/JumpAttack/AIR_ATTACK_Sprite_7.uasset" 481
"D:/Diploma_Project/shogun-no-kage/Tini_Soguna/Content/PaperAssets/Old_samurai/JumpAttack/AIR_ATTACK_Sprite_7.uexp" 482
"D:/Diploma_Project/shogun-no-kage/Tini_Soguna/Content/PaperAssets/Old_samurai/JumpAttack/AIR_ATTACK_Sprite_10.uasset" 483
"D:/Diploma_Project/shogun-no-kage/Tini_Soguna/Content/PaperAssets/Old_samurai/JumpAttack/AIR_ATTACK_Sprite_10.uexp" 484
"D:/Diploma_Project/shogun-no-kage/Tini_Soguna/Content/PaperAssets/Old_samurai/Animations/JumpAttack.uasset" 485
"D:/Diploma_Project/shogun-no-kage/Tini_Soguna/Content/PaperAssets/Old_samurai/Animations/JumpAttack.uexp" 486
"D:/Diploma_Project/shogun-no-kage/Tini_Soguna/Content/Blueprints/Characters/Old_samurai/AnimSequences/JumpAttack.uasset" 487
"D:/Diploma_Project/shogun-no-kage/Tini_Soguna/Content/Blueprints/Characters/Old_samurai/AnimSequences/JumpAttack.uexp" 488
"D:/Diploma_Project/shogun-no-kage/Tini_Soguna/Content/Blueprints/Characters/Old_samurai/BP_old_samurai.uasset" 489
"D:/Diploma_Project/shogun-no-kage/Tini_Soguna/Content/Blueprints/Characters/Old_samurai/BP_old_samurai.uexp" 490
"D:/Diploma_Project/shogun-no-kage/Tini_Soguna/Content/Blueprints/GM_Action.uasset" 491
"D:/Diploma_Project/shogun-no-kage/Tini_Soguna/Content/Blueprints/GM_Action.uexp" 492
"../../../Engine/Content/Functions/Engine_MaterialFunctions02/SplitComponents.uasset" 493
"../../../Engine/Content/Functions/Engine_MaterialFunctions02/SplitComponents.uexp" 494
"../../../Engine/Content/Functions/Engine_MaterialFunctions02/Utility/BreakOutFloat3Components.uasset" 495
"../../../Engine/Content/Functions/Engine_MaterialFunctions02/Utility/BreakOutFloat3Components.uexp" 496
"../../../Engine/Content/Functions/Engine_MaterialFunctions02/Math/Transform3x3Matrix.uasset" 497
"../../../Engine/Content/Functions/Engine_MaterialFunctions02/Math/Transform3x3Matrix.uexp" 498
"../../../Engine/Content/VREditor/SnapGrid/SnapGridMaterial.uasset" 499
"../../../Engine/Content/VREditor/SnapGrid/SnapGridMaterial.uexp" 500
"../../../Engine/Content/VREditor/SnapGrid/SnapGridPlaneMesh.uasset" 501
"../../../Engine/Content/VREditor/SnapGrid/SnapGridPlaneMesh.uexp" 502
"../../../Engine/Content/VREditor/LaserPointer/VR_LaserPower_01.ubulk" 503
"../../../Engine/Content/VREditor/LaserPointer/VR_LaserPower_01.uasset" 504
"../../../Engine/Content/VREditor/LaserPointer/VR_LaserPower_01.uexp" 505
"../../../Engine/Content/VREditor/TransformGizmo/TransformGizmoMaterial.uasset" 506
"../../../Engine/Content/VREditor/TransformGizmo/TransformGizmoMaterial.uexp" 507
"../../../Engine/Content/VREditor/TransformGizmo/TranslucentTransformGizmoMaterial.uasset" 508
"../../../Engine/Content/VREditor/TransformGizmo/TranslucentTransformGizmoMaterial.uexp" 509
"../../../Engine/Content/VREditor/TransformGizmo/PlaneTranslationHandle.uasset" 510
"../../../Engine/Content/VREditor/TransformGizmo/PlaneTranslationHandle.uexp" 511
"../../../Engine/Content/VREditor/TransformGizmo/RotationHandleFull.uasset" 512
"../../../Engine/Content/VREditor/TransformGizmo/RotationHandleFull.uexp" 513
"../../../Engine/Content/VREditor/TransformGizmo/RotationHandleIndicator.uasset" 514
"../../../Engine/Content/VREditor/TransformGizmo/RotationHandleIndicator.uexp" 515
"../../../Engine/Content/VREditor/TransformGizmo/RotationHandleQuarter.uasset" 516
"../../../Engine/Content/VREditor/TransformGizmo/RotationHandleQuarter.uexp" 517
"../../../Engine/Content/VREditor/TransformGizmo/StartRotationHandleIndicator.uasset" 518
"../../../Engine/Content/VREditor/TransformGizmo/StartRotationHandleIndicator.uexp" 519
"../../../Engine/Content/VREditor/TransformGizmo/TranslucentTransformGizmoMaterial_Inst.uasset" 520
"../../../Engine/Content/VREditor/TransformGizmo/TranslucentTransformGizmoMaterial_Inst.uexp" 521
"../../../Engine/Content/VREditor/TransformGizmo/TransformGizmoFreeRotation.uasset" 522
"../../../Engine/Content/VREditor/TransformGizmo/TransformGizmoFreeRotation.uexp" 523
"../../../Engine/Content/VREditor/TransformGizmo/TransformGizmoMaterial_Inst.uasset" 524
"../../../Engine/Content/VREditor/TransformGizmo/TransformGizmoMaterial_Inst.uexp" 525
"../../../Engine/Content/VREditor/TransformGizmo/TranslateArrowHandle.uasset" 526
"../../../Engine/Content/VREditor/TransformGizmo/TranslateArrowHandle.uexp" 527
"../../../Engine/Content/VREditor/TransformGizmo/UniformScaleHandle.uasset" 528
"../../../Engine/Content/VREditor/TransformGizmo/UniformScaleHandle.uexp" 529
"../../../Engine/Content/VREditor/Sounds/UI/Drop_Item_From_ContentBrowser.ubulk" 530
"../../../Engine/Content/VREditor/Sounds/UI/Drop_Item_From_ContentBrowser.uasset" 531
"../../../Engine/Content/VREditor/Sounds/UI/Drop_Item_From_ContentBrowser.uexp" 532
"../../../Engine/Content/VREditor/Sounds/UI/Gizmo_Handle_Clicked.ubulk" 533
"../../../Engine/Content/VREditor/Sounds/UI/Gizmo_Handle_Clicked.uasset" 534
"../../../Engine/Content/VREditor/Sounds/UI/Gizmo_Handle_Clicked.uexp" 535
"../../../Engine/Content/VREditor/Sounds/UI/Object_PickUp.ubulk" 536
"../../../Engine/Content/VREditor/Sounds/UI/Object_PickUp.uasset" 537
"../../../Engine/Content/VREditor/Sounds/UI/Object_PickUp.uexp" 538
"../../../Engine/Content/VREditor/Sounds/UI/Object_Snaps_To_Another_Actor.ubulk" 539
"../../../Engine/Content/VREditor/Sounds/UI/Object_Snaps_To_Another_Actor.uasset" 540
"../../../Engine/Content/VREditor/Sounds/UI/Object_Snaps_To_Another_Actor.uexp" 541
"../../../Engine/Content/VREditor/Sounds/UI/Object_Snaps_To_Grid.ubulk" 542
"../../../Engine/Content/VREditor/Sounds/UI/Object_Snaps_To_Grid.uasset" 543
"../../../Engine/Content/VREditor/Sounds/UI/Object_Snaps_To_Grid.uexp" 544
"../../../Engine/Content/VREditor/Sounds/UI/Scaling_Down.ubulk" 545
"../../../Engine/Content/VREditor/Sounds/UI/Scaling_Down.uasset" 546
"../../../Engine/Content/VREditor/Sounds/UI/Scaling_Down.uexp" 547
"../../../Engine/Content/VREditor/Sounds/UI/Scaling_Up.ubulk" 548
"../../../Engine/Content/VREditor/Sounds/UI/Scaling_Up.uasset" 549
"../../../Engine/Content/VREditor/Sounds/UI/Scaling_Up.uexp" 550
"../../../Engine/Content/VREditor/Sounds/UI/Selection_Changes.ubulk" 551
"../../../Engine/Content/VREditor/Sounds/UI/Selection_Changes.uasset" 552
"../../../Engine/Content/VREditor/Sounds/UI/Selection_Changes.uexp" 553
"../../../Engine/Content/EditorResources/S_Actor.ubulk" 554
"../../../Engine/Content/EditorResources/S_Actor.uasset" 555
"../../../Engine/Content/EditorResources/S_Actor.uexp" 556
"../../../Engine/Content/EngineMaterials/PhAT_JointLimitMaterial.uasset" 557
"../../../Engine/Content/EngineMaterials/PhAT_JointLimitMaterial.uexp" 558
"../../../Engine/Plugins/Animation/ControlRig/Content/Controls/ControlRigGizmoMaterial.uasset" 559
"../../../Engine/Plugins/Animation/ControlRig/Content/Controls/ControlRigGizmoMaterial.uexp" 560
"../../../Engine/Content/EngineMaterials/DefaultCalibrationColor.uasset" 561
"../../../Engine/Content/EngineMaterials/DefaultCalibrationColor.uexp" 562
"../../../Engine/Content/EngineMaterials/PPM_DefaultCalibrationColor.uasset" 563
"../../../Engine/Content/EngineMaterials/PPM_DefaultCalibrationColor.uexp" 564
"../../../Engine/Plugins/Animation/ControlRig/Content/Controls/ControlRigXRayMaterial.uasset" 565
"../../../Engine/Plugins/Animation/ControlRig/Content/Controls/ControlRigXRayMaterial.uexp" 566
"../../../Engine/Content/EditorResources/S_BoxReflectionCapture.uasset" 567
"../../../Engine/Content/EditorResources/S_BoxReflectionCapture.uexp" 568
"../../../Engine/Plugins/Animation/DeformerGraph/Content/DeformerFunctions/DG_Function_LinearBlendSkin_Morph_Cloth.uasset" 569
"../../../Engine/Plugins/Animation/DeformerGraph/Content/DeformerFunctions/DG_Function_LinearBlendSkin_Morph_Cloth.uexp" 570
"../../../Engine/Plugins/Animation/DeformerGraph/Content/Deformers/DG_LinearBlendSkin_Morph_Cloth.uasset" 571
"../../../Engine/Plugins/Animation/DeformerGraph/Content/Deformers/DG_LinearBlendSkin_Morph_Cloth.uexp" 572
"../../../Engine/Plugins/Animation/ControlRig/Content/Controls/ControlRig_Arrow2_1mm.uasset" 573
"../../../Engine/Plugins/Animation/ControlRig/Content/Controls/ControlRig_Arrow2_1mm.uexp" 574
"../../../Engine/Content/EngineMaterials/DefaultCalibrationGrayscale.uasset" 575
"../../../Engine/Content/EngineMaterials/DefaultCalibrationGrayscale.uexp" 576
"../../../Engine/Content/EngineMaterials/PPM_DefaultCalibrationGrayscale.uasset" 577
"../../../Engine/Content/EngineMaterials/PPM_DefaultCalibrationGrayscale.uexp" 578
"../../../Engine/Plugins/Animation/DeformerGraph/Content/DeformerFunctions/DG_Function_ComputeNormalsTangents.uasset" 579
"../../../Engine/Plugins/Animation/DeformerGraph/Content/DeformerFunctions/DG_Function_ComputeNormalsTangents.uexp" 580
"../../../Engine/Plugins/Animation/DeformerGraph/Content/DeformerFunctions/DG_Function_LinearBlendSkin_Morph_Cloth_PositionOnly.uasset" 581
"../../../Engine/Plugins/Animation/DeformerGraph/Content/DeformerFunctions/DG_Function_LinearBlendSkin_Morph_Cloth_PositionOnly.uexp" 582
"../../../Engine/Plugins/Animation/DeformerGraph/Content/Deformers/DG_LinearBlendSkin_Morph_Cloth_RecomputeNormals.uasset" 583
"../../../Engine/Plugins/Animation/DeformerGraph/Content/Deformers/DG_LinearBlendSkin_Morph_Cloth_RecomputeNormals.uexp" 584
"../../../Engine/Plugins/Animation/ControlRig/Content/Controls/ControlRig_Arrow2_3mm.uasset" 585
"../../../Engine/Plugins/Animation/ControlRig/Content/Controls/ControlRig_Arrow2_3mm.uexp" 586
"../../../Engine/Plugins/Animation/ControlRig/Content/Controls/ControlRig_Arrow2_solid.uasset" 587
"../../../Engine/Plugins/Animation/ControlRig/Content/Controls/ControlRig_Arrow2_solid.uexp" 588
"../../../Engine/Plugins/Animation/ControlRig/Content/Controls/ControlRig_Arrow4_1mm.uasset" 589
"../../../Engine/Plugins/Animation/ControlRig/Content/Controls/ControlRig_Arrow4_1mm.uexp" 590
"../../../Engine/Content/EngineMaterials/PreintegratedSkinBRDF.uasset" 591
"../../../Engine/Content/EngineMaterials/PreintegratedSkinBRDF.uexp" 592
"../../../Engine/Plugins/Animation/ControlRig/Content/Controls/ControlRig_Arrow4_3mm.uasset" 593
"../../../Engine/Plugins/Animation/ControlRig/Content/Controls/ControlRig_Arrow4_3mm.uexp" 594
"../../../Engine/Plugins/Animation/ControlRig/Content/Controls/ControlRig_Arrow4_solid.uasset" 595
"../../../Engine/Plugins/Animation/ControlRig/Content/Controls/ControlRig_Arrow4_solid.uexp" 596
"../../../Engine/Plugins/Animation/ControlRig/Content/Controls/ControlRig_Arrow_1mm.uasset" 597
"../../../Engine/Plugins/Animation/ControlRig/Content/Controls/ControlRig_Arrow_1mm.uexp" 598
"../../../Engine/Plugins/Interchange/Assets/Content/Functions/MX_AbsorptionVDF.uasset" 599
"../../../Engine/Plugins/Interchange/Assets/Content/Functions/MX_AbsorptionVDF.uexp" 600
"../../../Engine/Plugins/Animation/ControlRig/Content/Controls/ControlRig_Arrow_3mm.uasset" 601
"../../../Engine/Plugins/Animation/ControlRig/Content/Controls/ControlRig_Arrow_3mm.uexp" 602
"../../../Engine/Content/EditorMaterials/PhAT_NoCollisionMaterial.uasset" 603
"../../../Engine/Content/EditorMaterials/PhAT_NoCollisionMaterial.uexp" 604
"../../../Engine/Plugins/Animation/ControlRig/Content/Controls/ControlRig_Arrow_solid.uasset" 605
"../../../Engine/Plugins/Animation/ControlRig/Content/Controls/ControlRig_Arrow_solid.uexp" 606
"../../../Engine/Content/EditorMaterials/PhAT_UnselectedMaterial.uasset" 607
"../../../Engine/Content/EditorMaterials/PhAT_UnselectedMaterial.uexp" 608
"../../../Engine/Plugins/Animation/ControlRig/Content/Controls/ControlRig_Box_1mm.uasset" 609
"../../../Engine/Plugins/Animation/ControlRig/Content/Controls/ControlRig_Box_1mm.uexp" 610
"../../../Engine/Content/EngineMaterials/RemoveSurfaceMaterial.uasset" 611
"../../../Engine/Content/EngineMaterials/RemoveSurfaceMaterial.uexp" 612
"../../../Engine/Plugins/Interchange/Assets/Content/Functions/MX_AnisotropicVDF.uasset" 613
"../../../Engine/Plugins/Interchange/Assets/Content/Functions/MX_AnisotropicVDF.uexp" 614
"../../../Engine/Plugins/Animation/ControlRig/Content/Controls/ControlRig_Box_3mm.uasset" 615
"../../../Engine/Plugins/Animation/ControlRig/Content/Controls/ControlRig_Box_3mm.uexp" 616
"../../../Engine/Plugins/Interchange/Assets/Content/Functions/MX_BurleyDiffuseBSDF.uasset" 617
"../../../Engine/Plugins/Interchange/Assets/Content/Functions/MX_BurleyDiffuseBSDF.uexp" 618
"../../../Engine/Content/EditorMaterials/PreviewShadowIndicator.ubulk" 619
"../../../Engine/Content/EditorMaterials/PreviewShadowIndicator.uasset" 620
"../../../Engine/Content/EditorMaterials/PreviewShadowIndicator.uexp" 621
"../../../Engine/Content/EditorMaterials/PreviewShadowIndicatorMaterial.uasset" 622
"../../../Engine/Content/EditorMaterials/PreviewShadowIndicatorMaterial.uexp" 623
"../../../Engine/Plugins/Animation/ControlRig/Content/Controls/ControlRig_Box_solid.uasset" 624
"../../../Engine/Plugins/Animation/ControlRig/Content/Controls/ControlRig_Box_solid.uexp" 625
"../../../Engine/Content/EngineMaterials/SMAAAreaTex.uasset" 626
"../../../Engine/Content/EngineMaterials/SMAAAreaTex.uexp" 627
"../../../Engine/Plugins/Animation/ControlRig/Content/Controls/ControlRig_Circle_1mm.uasset" 628
"../../../Engine/Plugins/Animation/ControlRig/Content/Controls/ControlRig_Circle_1mm.uexp" 629
"../../../Engine/Plugins/Interchange/Assets/Content/Functions/MX_ChiangHairBSDF.uasset" 630
"../../../Engine/Plugins/Interchange/Assets/Content/Functions/MX_ChiangHairBSDF.uexp" 631
"../../../Engine/Content/EngineMaterials/SMAASearchTex.uasset" 632
"../../../Engine/Content/EngineMaterials/SMAASearchTex.uexp" 633
"../../../Engine/Plugins/Animation/ControlRig/Content/Controls/ControlRig_Circle_3mm.uasset" 634
"../../../Engine/Plugins/Animation/ControlRig/Content/Controls/ControlRig_Circle_3mm.uexp" 635
"../../../Engine/Plugins/Animation/ControlRig/Content/Controls/ControlRig_Circle_solid.uasset" 636
"../../../Engine/Plugins/Animation/ControlRig/Content/Controls/ControlRig_Circle_solid.uexp" 637
"../../../Engine/Plugins/Animation/ControlRig/Content/Controls/ControlRig_Diamond_1mm.uasset" 638
"../../../Engine/Plugins/Animation/ControlRig/Content/Controls/ControlRig_Diamond_1mm.uexp" 639
"../../../Engine/Plugins/Interchange/Assets/Content/Functions/MX_ConductorBSDF.uasset" 640
"../../../Engine/Plugins/Interchange/Assets/Content/Functions/MX_ConductorBSDF.uexp" 641
"../../../Engine/Plugins/Animation/ControlRig/Content/Controls/ControlRig_Diamond_3mm.uasset" 642
"../../../Engine/Plugins/Animation/ControlRig/Content/Controls/ControlRig_Diamond_3mm.uexp" 643
"../../../Engine/Plugins/Interchange/Assets/Content/Functions/MX_ConicalEDF.uasset" 644
"../../../Engine/Plugins/Interchange/Assets/Content/Functions/MX_ConicalEDF.uexp" 645
"../../../Engine/Plugins/Animation/ControlRig/Content/Controls/ControlRig_Diamond_solid.uasset" 646
"../../../Engine/Plugins/Animation/ControlRig/Content/Controls/ControlRig_Diamond_solid.uexp" 647
"../../../Engine/Plugins/Interchange/Assets/Content/Functions/MX_DielectricBSDF.uasset" 648
"../../../Engine/Plugins/Interchange/Assets/Content/Functions/MX_DielectricBSDF.uexp" 649
"../../../Engine/Plugins/Animation/ControlRig/Content/Controls/ControlRig_HalfCircle_1mm.uasset" 650
"../../../Engine/Plugins/Animation/ControlRig/Content/Controls/ControlRig_HalfCircle_1mm.uexp" 651
"../../../Engine/Plugins/Interchange/Assets/Content/Functions/MX_Displacement.uasset" 652
"../../../Engine/Plugins/Interchange/Assets/Content/Functions/MX_Displacement.uexp" 653
"../../../Engine/Plugins/Animation/ControlRig/Content/Controls/ControlRig_HalfCircle_3mm.uasset" 654
"../../../Engine/Plugins/Animation/ControlRig/Content/Controls/ControlRig_HalfCircle_3mm.uexp" 655
"../../../Engine/Plugins/Interchange/Assets/Content/Functions/MX_GeneralizedSchlickBSDF.uasset" 656
"../../../Engine/Plugins/Interchange/Assets/Content/Functions/MX_GeneralizedSchlickBSDF.uexp" 657
"../../../Engine/Content/EngineMaterials/DefaultBloomKernel.uasset" 658
"../../../Engine/Content/EngineMaterials/DefaultBloomKernel.uexp" 659
"../../../Engine/Plugins/Animation/ControlRig/Content/Controls/ControlRig_HalfCircle_solid.uasset" 660
"../../../Engine/Plugins/Animation/ControlRig/Content/Controls/ControlRig_HalfCircle_solid.uexp" 661
"../../../Engine/Content/EngineMaterials/DefaultBokeh.uasset" 662
"../../../Engine/Content/EngineMaterials/DefaultBokeh.uexp" 663
"../../../Engine/Plugins/Animation/ControlRig/Content/Controls/ControlRig_Hexagon_1mm.uasset" 664
"../../../Engine/Plugins/Animation/ControlRig/Content/Controls/ControlRig_Hexagon_1mm.uexp" 665
"../../../Engine/Content/Functions/Engine_MaterialFunctions02/Utility/VectorLength.uasset" 666
"../../../Engine/Content/Functions/Engine_MaterialFunctions02/Utility/VectorLength.uexp" 667
"../../../Engine/Content/Functions/Engine_MaterialFunctions02/WorldPositionOffset/ObjectScale.uasset" 668
"../../../Engine/Content/Functions/Engine_MaterialFunctions02/WorldPositionOffset/ObjectScale.uexp" 669
"../../../Engine/Plugins/Editor/SpeedTreeImporter/Content/SpeedTree9/Empty.uasset" 670
"../../../Engine/Plugins/Editor/SpeedTreeImporter/Content/SpeedTree9/Empty.uexp" 671
"../../../Engine/Plugins/Editor/SpeedTreeImporter/Content/SpeedTree9/EmptyNormal.uasset" 672
"../../../Engine/Plugins/Editor/SpeedTreeImporter/Content/SpeedTree9/EmptyNormal.uexp" 673
"../../../Engine/Plugins/Editor/SpeedTreeImporter/Content/SpeedTree9/game_wind_noise.ubulk" 674
"../../../Engine/Plugins/Editor/SpeedTreeImporter/Content/SpeedTree9/game_wind_noise.uasset" 675
"../../../Engine/Plugins/Editor/SpeedTreeImporter/Content/SpeedTree9/game_wind_noise.uexp" 676
"../../../Engine/Plugins/Editor/SpeedTreeImporter/Content/SpeedTree9/SpeedTreeBillboard.uasset" 677
"../../../Engine/Plugins/Editor/SpeedTreeImporter/Content/SpeedTree9/SpeedTreeBillboard.uexp" 678
"../../../Engine/Content/Functions/Engine_MaterialFunctions02/SafeNormalize.uasset" 679
"../../../Engine/Content/Functions/Engine_MaterialFunctions02/SafeNormalize.uexp" 680
"../../../Engine/Plugins/Editor/SpeedTreeImporter/Content/SpeedTree9/SpeedTreeWindMotion.uasset" 681
"../../../Engine/Plugins/Editor/SpeedTreeImporter/Content/SpeedTree9/SpeedTreeWindMotion.uexp" 682
"../../../Engine/Plugins/Editor/SpeedTreeImporter/Content/SpeedTree9/UnpackDirection.uasset" 683
"../../../Engine/Plugins/Editor/SpeedTreeImporter/Content/SpeedTree9/UnpackDirection.uexp" 684
"../../../Engine/Plugins/Editor/SpeedTreeImporter/Content/SpeedTree9/UnpackInteger3.uasset" 685
"../../../Engine/Plugins/Editor/SpeedTreeImporter/Content/SpeedTree9/UnpackInteger3.uexp" 686
"../../../Engine/Plugins/Editor/SpeedTreeImporter/Content/SpeedTree9/SpeedTreeBranchMotion.uasset" 687
"../../../Engine/Plugins/Editor/SpeedTreeImporter/Content/SpeedTree9/SpeedTreeBranchMotion.uexp" 688
"../../../Engine/Content/Functions/Engine_MaterialFunctions02/ObjectLocalBounds.uasset" 689
"../../../Engine/Content/Functions/Engine_MaterialFunctions02/ObjectLocalBounds.uexp" 690
"../../../Engine/Content/Functions/Engine_MaterialFunctions02/UVs/BoundingBoxBased_0-1_UVW.uasset" 691
"../../../Engine/Content/Functions/Engine_MaterialFunctions02/UVs/BoundingBoxBased_0-1_UVW.uexp" 692
"../../../Engine/Plugins/Editor/SpeedTreeImporter/Content/SpeedTree9/SpeedTreeWind.uasset" 693
"../../../Engine/Plugins/Editor/SpeedTreeImporter/Content/SpeedTree9/SpeedTreeWind.uexp" 694
"../../../Engine/Plugins/Editor/SpeedTreeImporter/Content/SpeedTree9/SpeedTreeBillboardMaster.uasset" 695
"../../../Engine/Plugins/Editor/SpeedTreeImporter/Content/SpeedTree9/SpeedTreeBillboardMaster.uexp" 696
"../../../Engine/Plugins/Animation/ControlRig/Content/Controls/ControlRig_Hexagon_3mm.uasset" 697
"../../../Engine/Plugins/Animation/ControlRig/Content/Controls/ControlRig_Hexagon_3mm.uexp" 698
"../../../Engine/Plugins/Animation/ControlRig/Content/Controls/ControlRig_Hexagon_solid.uasset" 699
"../../../Engine/Plugins/Animation/ControlRig/Content/Controls/ControlRig_Hexagon_solid.uexp" 700
"../../../Engine/Plugins/Editor/SpeedTreeImporter/Content/SpeedTree9/SpeedTreeCameraFacing.uasset" 701
"../../../Engine/Plugins/Editor/SpeedTreeImporter/Content/SpeedTree9/SpeedTreeCameraFacing.uexp" 702
"../../../Engine/Plugins/Editor/SpeedTreeImporter/Content/SpeedTree9/SpeedTreeMaster.uasset" 703
"../../../Engine/Plugins/Editor/SpeedTreeImporter/Content/SpeedTree9/SpeedTreeMaster.uexp" 704
"../../../Engine/Plugins/Interchange/Assets/Content/Functions/MX_MeasuredEDF.uasset" 705
"../../../Engine/Plugins/Interchange/Assets/Content/Functions/MX_MeasuredEDF.uexp" 706
"../../../Engine/Plugins/Animation/ControlRig/Content/Controls/ControlRig_Octagon_1mm.uasset" 707
"../../../Engine/Plugins/Animation/ControlRig/Content/Controls/ControlRig_Octagon_1mm.uexp" 708
"../../../Engine/Plugins/Interchange/Assets/Content/Functions/MF_IridescenceNoLUT.uasset" 709
"../../../Engine/Plugins/Interchange/Assets/Content/Functions/MF_IridescenceNoLUT.uexp" 710
"../../../Engine/Plugins/Interchange/Assets/Content/Functions/MX_StandardSurface.uasset" 711
"../../../Engine/Plugins/Interchange/Assets/Content/Functions/MX_StandardSurface.uexp" 712
"../../../Engine/Plugins/Interchange/Assets/Content/Functions/MX_OpenPBR_Opaque.uasset" 713
"../../../Engine/Plugins/Interchange/Assets/Content/Functions/MX_OpenPBR_Opaque.uexp" 714
"../../../Engine/Plugins/Animation/ControlRig/Content/Controls/ControlRig_Octagon_3mm.uasset" 715
"../../../Engine/Plugins/Animation/ControlRig/Content/Controls/ControlRig_Octagon_3mm.uexp" 716
"../../../Engine/Plugins/Interchange/Assets/Content/Functions/MX_TransmissionSurface.uasset" 717
"../../../Engine/Plugins/Interchange/Assets/Content/Functions/MX_TransmissionSurface.uexp" 718
"../../../Engine/Plugins/Interchange/Assets/Content/Functions/MX_OpenPBR_Translucent.uasset" 719
"../../../Engine/Plugins/Interchange/Assets/Content/Functions/MX_OpenPBR_Translucent.uexp" 720
"../../../Engine/Content/EditorResources/S_Solver.ubulk" 721
"../../../Engine/Content/EditorResources/S_Solver.uasset" 722
"../../../Engine/Content/EditorResources/S_Solver.uexp" 723
"../../../Engine/Content/EngineMaterials/DefaultDiffuse.ubulk" 724
"../../../Engine/Content/EngineMaterials/DefaultDiffuse.uasset" 725
"../../../Engine/Content/EngineMaterials/DefaultDiffuse.uexp" 726
"../../../Engine/Content/EngineMaterials/DefaultDeferredDecalMaterial.uasset" 727
"../../../Engine/Content/EngineMaterials/DefaultDeferredDecalMaterial.uexp" 728
"../../../Engine/Plugins/Animation/ControlRig/Content/Controls/ControlRig_Octagon_solid.uasset" 729
"../../../Engine/Plugins/Animation/ControlRig/Content/Controls/ControlRig_Octagon_solid.uexp" 730
"../../../Engine/Plugins/Interchange/Assets/Content/Functions/MX_OrenNayarBSDF.uasset" 731
"../../../Engine/Plugins/Interchange/Assets/Content/Functions/MX_OrenNayarBSDF.uexp" 732
"../../../Engine/Plugins/Animation/ControlRig/Content/Controls/ControlRig_Pyramid_1mm.uasset" 733
"../../../Engine/Plugins/Animation/ControlRig/Content/Controls/ControlRig_Pyramid_1mm.uexp" 734
"../../../Engine/Content/EditorLandscapeResources/ColorMaskBrushMaterial.uasset" 735
"../../../Engine/Content/EditorLandscapeResources/ColorMaskBrushMaterial.uexp" 736
"../../../Engine/Content/EditorLandscapeResources/ColorMaskBrushMaterial_MaskedRegion.uasset" 737
"../../../Engine/Content/EditorLandscapeResources/ColorMaskBrushMaterial_MaskedRegion.uexp" 738
"../../../Engine/Content/EngineMaterials/WeightMapPlaceholderTexture.uasset" 739
"../../../Engine/Content/EngineMaterials/WeightMapPlaceholderTexture.uexp" 740
"../../../Engine/Content/EngineMaterials/WeightMapArrayPlaceholderTexture.uasset" 741
"../../../Engine/Content/EngineMaterials/WeightMapArrayPlaceholderTexture.uexp" 742
"../../../Engine/Content/EditorResources/S_Terrain.ubulk" 743
"../../../Engine/Content/EditorResources/S_Terrain.uasset" 744
"../../../Engine/Content/EditorResources/S_Terrain.uexp" 745
"../../../Engine/Plugins/Animation/ControlRig/Content/Controls/ControlRig_Pyramid_3mm.uasset" 746
"../../../Engine/Plugins/Animation/ControlRig/Content/Controls/ControlRig_Pyramid_3mm.uexp" 747
"../../../Engine/Plugins/Animation/ControlRig/Content/Controls/ControlRig_Pyramid_solid.uasset" 748
"../../../Engine/Plugins/Animation/ControlRig/Content/Controls/ControlRig_Pyramid_solid.uexp" 749
"../../../Engine/Content/EngineMaterials/DefaultLightFunctionMaterial.uasset" 750
"../../../Engine/Content/EngineMaterials/DefaultLightFunctionMaterial.uexp" 751
"../../../Engine/Plugins/Animation/ControlRig/Content/Controls/ControlRig_QuarterCircle_1mm.uasset" 752
"../../../Engine/Plugins/Animation/ControlRig/Content/Controls/ControlRig_QuarterCircle_1mm.uexp" 753
"../../../Engine/Content/EngineResources/WhiteSquareTexture.uasset" 754
"../../../Engine/Content/EngineResources/WhiteSquareTexture.uexp" 755
"../../../Engine/Content/EngineMaterials/Widget3DPassThrough.uasset" 756
"../../../Engine/Content/EngineMaterials/Widget3DPassThrough.uexp" 757
"../../../Engine/Content/EngineMaterials/Widget3DPassThrough_Masked.uasset" 758
"../../../Engine/Content/EngineMaterials/Widget3DPassThrough_Masked.uexp" 759
"../../../Engine/Content/EngineMaterials/Widget3DPassThrough_Opaque.uasset" 760
"../../../Engine/Content/EngineMaterials/Widget3DPassThrough_Opaque.uexp" 761
"../../../Engine/Content/EngineMaterials/Widget3DPassThrough_Masked_OneSided.uasset" 762
"../../../Engine/Content/EngineMaterials/Widget3DPassThrough_Masked_OneSided.uexp" 763
"../../../Engine/Plugins/Animation/ControlRig/Content/Controls/ControlRig_QuarterCircle_3mm.uasset" 764
"../../../Engine/Plugins/Animation/ControlRig/Content/Controls/ControlRig_QuarterCircle_3mm.uexp" 765
"../../../Engine/Content/EditorResources/S_Trigger.ubulk" 766
"../../../Engine/Content/EditorResources/S_Trigger.uasset" 767
"../../../Engine/Content/EditorResources/S_Trigger.uexp" 768
"../../../Engine/Content/EngineMaterials/Widget3DPassThrough_Opaque_OneSided.uasset" 769
"../../../Engine/Content/EngineMaterials/Widget3DPassThrough_Opaque_OneSided.uexp" 770
"../../../Engine/Plugins/Animation/ControlRig/Content/Controls/ControlRig_QuarterCircle_solid.uasset" 771
"../../../Engine/Plugins/Animation/ControlRig/Content/Controls/ControlRig_QuarterCircle_solid.uexp" 772
"../../../Engine/Plugins/Interchange/Assets/Content/Functions/MX_SheenBSDF.uasset" 773
"../../../Engine/Plugins/Interchange/Assets/Content/Functions/MX_SheenBSDF.uexp" 774
"../../../Engine/Content/EditorResources/S_TriggerBox.uasset" 775
"../../../Engine/Content/EditorResources/S_TriggerBox.uexp" 776
"../../../Engine/Plugins/Animation/ControlRig/Content/Controls/ControlRig_RoundedSquare_1mm.uasset" 777
"../../../Engine/Plugins/Animation/ControlRig/Content/Controls/ControlRig_RoundedSquare_1mm.uexp" 778
"../../../Engine/Content/EngineMaterials/Widget3DPassThrough_Translucent.uasset" 779
"../../../Engine/Content/EngineMaterials/Widget3DPassThrough_Translucent.uexp" 780
"../../../Engine/Content/EngineMaterials/Widget3DPassThrough_Translucent_OneSided.uasset" 781
"../../../Engine/Content/EngineMaterials/Widget3DPassThrough_Translucent_OneSided.uexp" 782
"../../../Engine/Content/Functions/Engine_MaterialFunctions02/Utility/BreakOutFloat2Components.uasset" 783
"../../../Engine/Content/Functions/Engine_MaterialFunctions02/Utility/BreakOutFloat2Components.uexp" 784
"../../../Engine/Content/EngineMaterials/DefaultPostProcessMaterial.uasset" 785
"../../../Engine/Content/EngineMaterials/DefaultPostProcessMaterial.uexp" 786
"../../../Engine/Content/EditorResources/S_TriggerCapsule.uasset" 787
"../../../Engine/Content/EditorResources/S_TriggerCapsule.uexp" 788
"../../../Engine/Plugins/Animation/ControlRig/Content/Controls/ControlRig_RoundedSquare_3mm.uasset" 789
"../../../Engine/Plugins/Animation/ControlRig/Content/Controls/ControlRig_RoundedSquare_3mm.uexp" 790
"../../../Engine/Content/EngineFonts/RobotoDistanceField.uasset" 791
"../../../Engine/Content/EngineFonts/RobotoDistanceField.uexp" 792
"../../../Engine/Content/EngineMaterials/DefaultTextMaterialOpaque.uasset" 793
"../../../Engine/Content/EngineMaterials/DefaultTextMaterialOpaque.uexp" 794
"../../../Engine/Plugins/Interchange/Assets/Content/Functions/MX_SubsurfaceBSDF.uasset" 795
"../../../Engine/Plugins/Interchange/Assets/Content/Functions/MX_SubsurfaceBSDF.uexp" 796
"../../../Engine/Content/EditorResources/S_TriggerSphere.uasset" 797
"../../../Engine/Content/EditorResources/S_TriggerSphere.uexp" 798
"../../../Engine/Plugins/Interchange/Assets/Content/Functions/MX_Surface.uasset" 799
"../../../Engine/Plugins/Interchange/Assets/Content/Functions/MX_Surface.uexp" 800
"../../../Engine/Plugins/Animation/ControlRig/Content/Controls/ControlRig_RoundedSquare_solid.uasset" 801
"../../../Engine/Plugins/Animation/ControlRig/Content/Controls/ControlRig_RoundedSquare_solid.uexp" 802
"../../../Engine/Content/EditorLandscapeResources/LandscapeDirtyMaterial.uasset" 803
"../../../Engine/Content/EditorLandscapeResources/LandscapeDirtyMaterial.uexp" 804
"../../../Engine/Content/MobileResources/HUD/VirtualJoystick_Background.uasset" 805
"../../../Engine/Content/MobileResources/HUD/VirtualJoystick_Background.uexp" 806
"../../../Engine/Content/MobileResources/HUD/VirtualJoystick_Thumb.uasset" 807
"../../../Engine/Content/MobileResources/HUD/VirtualJoystick_Thumb.uexp" 808
"../../../Engine/Content/MobileResources/HUD/DefaultVirtualJoysticks.uasset" 809
"../../../Engine/Content/MobileResources/HUD/DefaultVirtualJoysticks.uexp" 810
"../../../Engine/Plugins/Interchange/Assets/Content/Functions/MX_SurfaceUnlit.uasset" 811
"../../../Engine/Plugins/Interchange/Assets/Content/Functions/MX_SurfaceUnlit.uexp" 812
"../../../Engine/Content/EngineMaterials/DefaultWhiteGrid.ubulk" 813
"../../../Engine/Content/EngineMaterials/DefaultWhiteGrid.uasset" 814
"../../../Engine/Content/EngineMaterials/DefaultWhiteGrid.uexp" 815
"../../../Engine/Plugins/Animation/ControlRig/Content/Controls/ControlRig_RoundedTriangle_1mm.uasset" 816
"../../../Engine/Plugins/Animation/ControlRig/Content/Controls/ControlRig_RoundedTriangle_1mm.uexp" 817
"../../../Engine/Plugins/Animation/ControlRig/Content/Controls/ControlRig_RoundedTriangle_3mm.uasset" 818
"../../../Engine/Plugins/Animation/ControlRig/Content/Controls/ControlRig_RoundedTriangle_3mm.uexp" 819
"../../../Engine/Plugins/Interchange/Assets/Content/Functions/MX_TranslucentBSDF.uasset" 820
"../../../Engine/Plugins/Interchange/Assets/Content/Functions/MX_TranslucentBSDF.uexp" 821
"../../../Engine/Plugins/Animation/ControlRig/Content/Controls/ControlRig_RoundedTriangle_solid.uasset" 822
"../../../Engine/Plugins/Animation/ControlRig/Content/Controls/ControlRig_RoundedTriangle_solid.uexp" 823
"../../../Engine/Plugins/Animation/ControlRig/Content/Controls/ControlRig_Sphere_1mm.uasset" 824
"../../../Engine/Plugins/Animation/ControlRig/Content/Controls/ControlRig_Sphere_1mm.uexp" 825
"../../../Engine/Plugins/Animation/ControlRig/Content/Controls/ControlRig_Sphere_3mm.uasset" 826
"../../../Engine/Plugins/Animation/ControlRig/Content/Controls/ControlRig_Sphere_3mm.uexp" 827
"../../../Engine/Content/Functions/Engine_MaterialFunctions01/Texturing/ScaleUVsByCenter.uasset" 828
"../../../Engine/Content/Functions/Engine_MaterialFunctions01/Texturing/ScaleUVsByCenter.uexp" 829
"../../../Engine/Content/Functions/Engine_MaterialFunctions01/Texturing/TextureCropping.uasset" 830
"../../../Engine/Content/Functions/Engine_MaterialFunctions01/Texturing/TextureCropping.uexp" 831
"../../../Engine/Content/Functions/Engine_MaterialFunctions02/ExampleContent/DebugNumberStrip.uasset" 832
"../../../Engine/Content/Functions/Engine_MaterialFunctions02/ExampleContent/DebugNumberStrip.uexp" 833
"../../../Engine/Content/Functions/Engine_MaterialFunctions01/Debug/DebugIntValues.uasset" 834
"../../../Engine/Content/Functions/Engine_MaterialFunctions01/Debug/DebugIntValues.uexp" 835
"../../../Engine/Content/Functions/Engine_MaterialFunctions02/WorldPositionOffset/LocalPosition.uasset" 836
"../../../Engine/Content/Functions/Engine_MaterialFunctions02/WorldPositionOffset/LocalPosition.uexp" 837
"../../../Engine/Content/EditorLandscapeResources/LandscapeLayerUsageMaterial.uasset" 838
"../../../Engine/Content/EditorLandscapeResources/LandscapeLayerUsageMaterial.uexp" 839
"../../../Engine/Plugins/Interchange/Assets/Content/Functions/MX_UniformEDF.uasset" 840
"../../../Engine/Plugins/Interchange/Assets/Content/Functions/MX_UniformEDF.uexp" 841
"../../../Engine/Plugins/Animation/ControlRig/Content/Controls/ControlRig_Sphere_solid.uasset" 842
"../../../Engine/Plugins/Animation/ControlRig/Content/Controls/ControlRig_Sphere_solid.uexp" 843
"../../../Engine/Plugins/Interchange/Assets/Content/Functions/MX_UsdPreviewSurface.uasset" 844
"../../../Engine/Plugins/Interchange/Assets/Content/Functions/MX_UsdPreviewSurface.uexp" 845
"../../../Engine/Plugins/Animation/ControlRig/Content/Controls/ControlRig_Square_1mm.uasset" 846
"../../../Engine/Plugins/Animation/ControlRig/Content/Controls/ControlRig_Square_1mm.uexp" 847
"../../../Engine/Plugins/Animation/ControlRig/Content/Controls/ControlRig_Square_3mm.uasset" 848
"../../../Engine/Plugins/Animation/ControlRig/Content/Controls/ControlRig_Square_3mm.uexp" 849
"../../../Engine/Plugins/Animation/ControlRig/Content/Controls/ControlRig_Square_solid.uasset" 850
"../../../Engine/Plugins/Animation/ControlRig/Content/Controls/ControlRig_Square_solid.uexp" 851
"../../../Engine/Content/EditorMaterials/ParticleSystems/PSysThumbnail_NoImage.ubulk" 852
"../../../Engine/Content/EditorMaterials/ParticleSystems/PSysThumbnail_NoImage.uasset" 853
"../../../Engine/Content/EditorMaterials/ParticleSystems/PSysThumbnail_NoImage.uexp" 854
"../../../Engine/Content/EditorMaterials/ParticleSystems/PSysThumbnail_OOD.ubulk" 855
"../../../Engine/Content/EditorMaterials/ParticleSystems/PSysThumbnail_OOD.uasset" 856
"../../../Engine/Content/EditorMaterials/ParticleSystems/PSysThumbnail_OOD.uexp" 857
"../../../Engine/Content/EngineMeshes/Sphere.uasset" 858
"../../../Engine/Content/EngineMeshes/Sphere.uexp" 859
"../../../Engine/Plugins/Animation/ControlRig/Content/Controls/ControlRig_Star4_1mm.uasset" 860
"../../../Engine/Plugins/Animation/ControlRig/Content/Controls/ControlRig_Star4_1mm.uexp" 861
"../../../Engine/Plugins/Animation/ControlRig/Content/Controls/ControlRig_Star4_3mm.uasset" 862
"../../../Engine/Plugins/Animation/ControlRig/Content/Controls/ControlRig_Star4_3mm.uexp" 863
"../../../Engine/Plugins/Animation/ControlRig/Content/Controls/ControlRig_Star4_solid.uasset" 864
"../../../Engine/Plugins/Animation/ControlRig/Content/Controls/ControlRig_Star4_solid.uexp" 865
"../../../Engine/Plugins/Experimental/MeshModelingToolsetExp/Content/Materials/GetDisplacementVectorForDepthBias.uasset" 866
"../../../Engine/Plugins/Experimental/MeshModelingToolsetExp/Content/Materials/GetDisplacementVectorForDepthBias.uexp" 867
"../../../Engine/Content/Functions/Engine_MaterialFunctions03/Viewport/MF_OrthoWidth.uasset" 868
"../../../Engine/Content/Functions/Engine_MaterialFunctions03/Viewport/MF_OrthoWidth.uexp" 869
"../../../Engine/Content/Functions/Engine_MaterialFunctions02/Utility/FOV.uasset" 870
"../../../Engine/Content/Functions/Engine_MaterialFunctions02/Utility/FOV.uexp" 871
"../../../Engine/Content/Functions/Engine_MaterialFunctions02/WorldPositionOffset/V2/ObjectScale.uasset" 872
"../../../Engine/Content/Functions/Engine_MaterialFunctions02/WorldPositionOffset/V2/ObjectScale.uexp" 873
"../../../Engine/Plugins/Experimental/MeshModelingToolsetExp/Content/Materials/PointSetOverlaidComponentMaterial.uasset" 874
"../../../Engine/Plugins/Experimental/MeshModelingToolsetExp/Content/Materials/PointSetOverlaidComponentMaterial.uexp" 875
"../../../Engine/Content/EngineDamageTypes/DmgTypeBP_Environmental.uasset" 876
"../../../Engine/Content/EngineDamageTypes/DmgTypeBP_Environmental.uexp" 877
"../../../Engine/Plugins/Animation/ControlRig/Content/Controls/ControlRig_Triangle_1mm.uasset" 878
"../../../Engine/Plugins/Animation/ControlRig/Content/Controls/ControlRig_Triangle_1mm.uexp" 879
"../../../Engine/Plugins/Animation/ControlRig/Content/Controls/ControlRig_Triangle_3mm.uasset" 880
"../../../Engine/Plugins/Animation/ControlRig/Content/Controls/ControlRig_Triangle_3mm.uexp" 881
"../../../Engine/Plugins/Animation/ControlRig/Content/Controls/ControlRig_Triangle_solid.uasset" 882
"../../../Engine/Plugins/Animation/ControlRig/Content/Controls/ControlRig_Triangle_solid.uexp" 883
"../../../Engine/Plugins/Interchange/Assets/Content/Substrate/MX_SimpleVolume.uasset" 884
"../../../Engine/Plugins/Interchange/Assets/Content/Substrate/MX_SimpleVolume.uexp" 885
"../../../Engine/Content/EditorMaterials/Camera/CineMat.uasset" 886
"../../../Engine/Content/EditorMaterials/Camera/CineMat.uexp" 887
"../../../Engine/Content/EditorMaterials/Camera/MI_CineMat_Rig.uasset" 888
"../../../Engine/Content/EditorMaterials/Camera/MI_CineMat_Rig.uexp" 889
"../../../Engine/Content/EditorMeshes/Camera/SM_CraneRig_Arm.uasset" 890
"../../../Engine/Content/EditorMeshes/Camera/SM_CraneRig_Arm.uexp" 891
"../../../Engine/Content/EditorMeshes/Camera/SM_CraneRig_Base.uasset" 892
"../../../Engine/Content/EditorMeshes/Camera/SM_CraneRig_Base.uexp" 893
"../../../Engine/Content/EngineDebugMaterials/DebugEditorMaterial.uasset" 894
"../../../Engine/Content/EngineDebugMaterials/DebugEditorMaterial.uexp" 895
"../../../Engine/Content/EditorMeshes/Camera/SM_CraneRig_Body.uasset" 896
"../../../Engine/Content/EditorMeshes/Camera/SM_CraneRig_Body.uexp" 897
"../../../Engine/Content/EngineDebugMaterials/DebugMeshMaterial.uasset" 898
"../../../Engine/Content/EngineDebugMaterials/DebugMeshMaterial.uexp" 899
"../../../Engine/Content/EditorMeshes/Camera/SM_CraneRig_Mount.uasset" 900
"../../../Engine/Content/EditorMeshes/Camera/SM_CraneRig_Mount.uexp" 901
"../../../Engine/Content/EditorMeshes/Camera/SM_RailRig_Mount.uasset" 902
"../../../Engine/Content/EditorMeshes/Camera/SM_RailRig_Mount.uexp" 903
"../../../Engine/Content/EditorMeshes/Camera/SM_RailRig_Track.uasset" 904
"../../../Engine/Content/EditorMeshes/Camera/SM_RailRig_Track.uexp" 905
"../../../Engine/Content/EngineMaterials/EnergyConservation/Diffuse_Energy.uasset" 906
"../../../Engine/Content/EngineMaterials/EnergyConservation/Diffuse_Energy.uexp" 907
"../../../Engine/Content/EngineMaterials/EnergyConservation/GGX_ReflectionEnergy.uasset" 908
"../../../Engine/Content/EngineMaterials/EnergyConservation/GGX_ReflectionEnergy.uexp" 909
"../../../Engine/Content/EngineMaterials/EnergyConservation/GGX_TransmissionEnergyArray.uasset" 910
"../../../Engine/Content/EngineMaterials/EnergyConservation/GGX_TransmissionEnergyArray.uexp" 911
"../../../Engine/Content/EngineMaterials/EnergyConservation/SheenLegacy_Energy.uasset" 912
"../../../Engine/Content/EngineMaterials/EnergyConservation/SheenLegacy_Energy.uexp" 913
"../../../Engine/Content/EngineMaterials/EnergyConservation/Sheen_Energy.uasset" 914
"../../../Engine/Content/EngineMaterials/EnergyConservation/Sheen_Energy.uexp" 915
"../../../Engine/Content/EditorMaterials/Dataflow/DataflowTwoSidedVertexMaterial.uasset" 916
"../../../Engine/Content/EditorMaterials/Dataflow/DataflowTwoSidedVertexMaterial.uexp" 917
"../../../Engine/Content/EngineMaterials/LTC/GGX_LTCAmp.uasset" 918
"../../../Engine/Content/EngineMaterials/LTC/GGX_LTCAmp.uexp" 919
"../../../Engine/Plugins/Runtime/HairStrands/Content/Materials/HairCardsDefaultMaterial.uasset" 920
"../../../Engine/Plugins/Runtime/HairStrands/Content/Materials/HairCardsDefaultMaterial.uexp" 921
"../../../Engine/Content/EditorMaterials/Dataflow/DataflowVertexMaterial.uasset" 922
"../../../Engine/Content/EditorMaterials/Dataflow/DataflowVertexMaterial.uexp" 923
"../../../Engine/Content/EngineMaterials/LTC/GGX_LTCMat.uasset" 924
"../../../Engine/Content/EngineMaterials/LTC/GGX_LTCMat.uexp" 925
"../../../Engine/Content/Functions/Engine_MaterialFunctions02/Utility/MakeFloat2.uasset" 926
"../../../Engine/Content/Functions/Engine_MaterialFunctions02/Utility/MakeFloat2.uexp" 927
"../../../Engine/Content/EngineMaterials/HairColorMap.uasset" 928
"../../../Engine/Content/EngineMaterials/HairColorMap.uexp" 929
"../../../Engine/Content/EngineMaterials/HairDebugColor.uasset" 930
"../../../Engine/Content/EngineMaterials/HairDebugColor.uexp" 931
"../../../Engine/Plugins/Runtime/HairStrands/Content/Materials/HairGroupColors.uasset" 932
"../../../Engine/Plugins/Runtime/HairStrands/Content/Materials/HairGroupColors.uexp" 933
"../../../Engine/Plugins/Runtime/HairStrands/Content/Materials/HairDebugMaterial.uasset" 934
"../../../Engine/Plugins/Runtime/HairStrands/Content/Materials/HairDebugMaterial.uexp" 935
"../../../Engine/Content/EngineMaterials/LTC/Sheen_LTC.uasset" 936
"../../../Engine/Content/EngineMaterials/LTC/Sheen_LTC.uexp" 937
"../../../Engine/Plugins/Runtime/HairStrands/Content/Materials/HairDefaultMaterial.uasset" 938
"../../../Engine/Plugins/Runtime/HairStrands/Content/Materials/HairDefaultMaterial.uexp" 939
"../../../Engine/Plugins/Runtime/HairStrands/Content/Materials/HairMeshesDefaultMaterial.uasset" 940
"../../../Engine/Plugins/Runtime/HairStrands/Content/Materials/HairMeshesDefaultMaterial.uexp" 941
"../../../Engine/Content/EngineResources/Development/ZenLogo_64.uasset" 942
"../../../Engine/Content/EngineResources/Development/ZenLogo_64.uexp" 943
"../../../Engine/Content/VREditor/TransformGizmo/BoundingBoxCorner.uasset" 944
"../../../Engine/Content/VREditor/TransformGizmo/BoundingBoxCorner.uexp" 945
"../../../Engine/Content/EngineResources/FilmGrains/Marcie_Grain_v3_128_M2_000.uasset" 946
"../../../Engine/Content/EngineResources/FilmGrains/Marcie_Grain_v3_128_M2_000.uexp" 947
"../../../Engine/Content/VREditor/TransformGizmo/BoundingBoxEdge.uasset" 948
"../../../Engine/Content/VREditor/TransformGizmo/BoundingBoxEdge.uexp" 949
"../../../Engine/Plugins/Runtime/AudioWidgets/Content/Resources/ScrubHandleDown_Clamped.uasset" 950
"../../../Engine/Plugins/Runtime/AudioWidgets/Content/Resources/ScrubHandleDown_Clamped.uexp" 951
"../../../Engine/Content/EditorResources/SequenceRecorder/Countdown.uasset" 952
"../../../Engine/Content/EditorResources/SequenceRecorder/Countdown.uexp" 953
"../../../Engine/Content/EditorResources/SequenceRecorder/RecordingIndicator.uasset" 954
"../../../Engine/Content/EditorResources/SequenceRecorder/RecordingIndicator.uexp" 955
"../../../Engine/Content/Functions/Engine_MaterialFunctions01/Texturing/FlattenNormal.uasset" 956
"../../../Engine/Content/Functions/Engine_MaterialFunctions01/Texturing/FlattenNormal.uexp" 957
"../../../Engine/Plugins/Interchange/Assets/Content/Utilities/New_LUT.uasset" 958
"../../../Engine/Plugins/Interchange/Assets/Content/Utilities/New_LUT.uexp" 959
"../../../Engine/Content/Functions/Engine_MaterialFunctions03/Math/RemapValueRange.uasset" 960
"../../../Engine/Content/Functions/Engine_MaterialFunctions03/Math/RemapValueRange.uexp" 961
"../../../Engine/Plugins/Interchange/Assets/Content/Functions/MF_Iridescence.uasset" 962
"../../../Engine/Plugins/Interchange/Assets/Content/Functions/MF_Iridescence.uexp" 963
"../../../Engine/Plugins/Interchange/Assets/Content/gltf/Textures/T_White_srgb.uasset" 964
"../../../Engine/Plugins/Interchange/Assets/Content/gltf/Textures/T_White_srgb.uexp" 965
"../../../Engine/Plugins/Interchange/Assets/Content/gltf/MaterialFunctions/MF_BaseColor.uasset" 966
"../../../Engine/Plugins/Interchange/Assets/Content/gltf/MaterialFunctions/MF_BaseColor.uexp" 967
"../../../Engine/Plugins/Interchange/Assets/Content/gltf/MaterialFunctions/MF_RotateNormals_TS.uasset" 968
"../../../Engine/Plugins/Interchange/Assets/Content/gltf/MaterialFunctions/MF_RotateNormals_TS.uexp" 969
"../../../Engine/Plugins/Interchange/Assets/Content/gltf/Textures/T_Generic_N.uasset" 970
"../../../Engine/Plugins/Interchange/Assets/Content/gltf/Textures/T_Generic_N.uexp" 971
"../../../Engine/Plugins/Interchange/Assets/Content/gltf/Textures/T_White_Linear.uasset" 972
"../../../Engine/Plugins/Interchange/Assets/Content/gltf/Textures/T_White_Linear.uexp" 973
"../../../Engine/Plugins/Interchange/Assets/Content/gltf/MaterialFunctions/MF_Clearcoat.uasset" 974
"../../../Engine/Plugins/Interchange/Assets/Content/gltf/MaterialFunctions/MF_Clearcoat.uexp" 975
"../../../Engine/Plugins/Interchange/Assets/Content/gltf/MaterialFunctions/MF_Emissive.uasset" 976
"../../../Engine/Plugins/Interchange/Assets/Content/gltf/MaterialFunctions/MF_Emissive.uexp" 977
"../../../Engine/Plugins/Interchange/Assets/Content/gltf/MaterialFunctions/MF_IOR.uasset" 978
"../../../Engine/Plugins/Interchange/Assets/Content/gltf/MaterialFunctions/MF_IOR.uexp" 979
"../../../Engine/Plugins/Interchange/Assets/Content/gltf/MaterialFunctions/MF_Iridescence.uasset" 980
"../../../Engine/Plugins/Interchange/Assets/Content/gltf/MaterialFunctions/MF_Iridescence.uexp" 981
"../../../Engine/Plugins/Interchange/Assets/Content/gltf/MaterialFunctions/MF_MetallicRoughness.uasset" 982
"../../../Engine/Plugins/Interchange/Assets/Content/gltf/MaterialFunctions/MF_MetallicRoughness.uexp" 983
"../../../Engine/Plugins/Interchange/Assets/Content/gltf/MaterialFunctions/MF_ScaleNormal.uasset" 984
"../../../Engine/Plugins/Interchange/Assets/Content/gltf/MaterialFunctions/MF_ScaleNormal.uexp" 985
"../../../Engine/Plugins/Interchange/Assets/Content/gltf/MaterialFunctions/MF_Normals.uasset" 986
"../../../Engine/Plugins/Interchange/Assets/Content/gltf/MaterialFunctions/MF_Normals.uexp" 987
"../../../Engine/Plugins/Interchange/Assets/Content/gltf/MaterialFunctions/MF_Occlusion.uasset" 988
"../../../Engine/Plugins/Interchange/Assets/Content/gltf/MaterialFunctions/MF_Occlusion.uexp" 989
"../../../Engine/Plugins/Interchange/Assets/Content/gltf/MaterialFunctions/MF_Specular.uasset" 990
"../../../Engine/Plugins/Interchange/Assets/Content/gltf/MaterialFunctions/MF_Specular.uexp" 991
"../../../Engine/Plugins/Interchange/Assets/Content/gltf/Textures/T_Anisotropy_Direction_Linear.uasset" 992
"../../../Engine/Plugins/Interchange/Assets/Content/gltf/Textures/T_Anisotropy_Direction_Linear.uexp" 993
"../../../Engine/Plugins/Interchange/Assets/Content/gltf/MaterialFunctions/MF_SpecularAnisotropy.uasset" 994
"../../../Engine/Plugins/Interchange/Assets/Content/gltf/MaterialFunctions/MF_SpecularAnisotropy.uexp" 995
"../../../Engine/Plugins/Interchange/Assets/Content/gltf/MaterialFunctions/MF_RotateV2.uasset" 996
"../../../Engine/Plugins/Interchange/Assets/Content/gltf/MaterialFunctions/MF_RotateV2.uexp" 997
"../../../Engine/Plugins/Interchange/Assets/Content/gltf/MaterialFunctions/MF_TransformUVs.uasset" 998
"../../../Engine/Plugins/Interchange/Assets/Content/gltf/MaterialFunctions/MF_TransformUVs.uexp" 999
"../../../Engine/Plugins/Interchange/Assets/Content/gltf/MaterialBodies/MF_ClearCoat_Body.uasset" 1000
"../../../Engine/Plugins/Interchange/Assets/Content/gltf/MaterialBodies/MF_ClearCoat_Body.uexp" 1001
"../../../Engine/Plugins/Interchange/Assets/Content/gltf/M_ClearCoat.uasset" 1002
"../../../Engine/Plugins/Interchange/Assets/Content/gltf/M_ClearCoat.uexp" 1003
"../../../Engine/Plugins/Interchange/Assets/Content/gltf/MaterialInstances/MI_ClearCoat_Blend.uasset" 1004
"../../../Engine/Plugins/Interchange/Assets/Content/gltf/MaterialInstances/MI_ClearCoat_Blend.uexp" 1005
"../../../Engine/Plugins/Interchange/Assets/Content/gltf/MaterialInstances/MI_ClearCoat_Blend_DS.uasset" 1006
"../../../Engine/Plugins/Interchange/Assets/Content/gltf/MaterialInstances/MI_ClearCoat_Blend_DS.uexp" 1007
"../../../Engine/Plugins/Interchange/Assets/Content/gltf/MaterialInstances/MI_ClearCoat_Mask.uasset" 1008
"../../../Engine/Plugins/Interchange/Assets/Content/gltf/MaterialInstances/MI_ClearCoat_Mask.uexp" 1009
"../../../Engine/Plugins/Interchange/Assets/Content/gltf/MaterialInstances/MI_ClearCoat_Mask_DS.uasset" 1010
"../../../Engine/Plugins/Interchange/Assets/Content/gltf/MaterialInstances/MI_ClearCoat_Mask_DS.uexp" 1011
"../../../Engine/Plugins/Interchange/Assets/Content/gltf/MaterialInstances/MI_ClearCoat_Opaque.uasset" 1012
"../../../Engine/Plugins/Interchange/Assets/Content/gltf/MaterialInstances/MI_ClearCoat_Opaque.uexp" 1013
"../../../Engine/Plugins/Interchange/Assets/Content/gltf/MaterialInstances/MI_ClearCoat_Opaque_DS.uasset" 1014
"../../../Engine/Plugins/Interchange/Assets/Content/gltf/MaterialInstances/MI_ClearCoat_Opaque_DS.uexp" 1015
"../../../Engine/Plugins/Interchange/Assets/Content/gltf/MaterialBodies/MF_Default_Body.uasset" 1016
"../../../Engine/Plugins/Interchange/Assets/Content/gltf/MaterialBodies/MF_Default_Body.uexp" 1017
"../../../Engine/Plugins/Interchange/Assets/Content/gltf/M_Default.uasset" 1018
"../../../Engine/Plugins/Interchange/Assets/Content/gltf/M_Default.uexp" 1019
"../../../Engine/Plugins/Interchange/Assets/Content/gltf/MaterialInstances/MI_Default_Blend.uasset" 1020
"../../../Engine/Plugins/Interchange/Assets/Content/gltf/MaterialInstances/MI_Default_Blend.uexp" 1021
"../../../Engine/Plugins/Interchange/Assets/Content/gltf/MaterialInstances/MI_Default_Blend_DS.uasset" 1022
"../../../Engine/Plugins/Interchange/Assets/Content/gltf/MaterialInstances/MI_Default_Blend_DS.uexp" 1023
"../../../Engine/Plugins/Interchange/Assets/Content/gltf/MaterialInstances/MI_Default_Mask.uasset" 1024
"../../../Engine/Plugins/Interchange/Assets/Content/gltf/MaterialInstances/MI_Default_Mask.uexp" 1025
"../../../Engine/Plugins/Interchange/Assets/Content/gltf/MaterialInstances/MI_Default_Mask_DS.uasset" 1026
"../../../Engine/Plugins/Interchange/Assets/Content/gltf/MaterialInstances/MI_Default_Mask_DS.uexp" 1027
"../../../Engine/Plugins/Interchange/Assets/Content/gltf/MaterialInstances/MI_Default_Opaque.uasset" 1028
"../../../Engine/Plugins/Interchange/Assets/Content/gltf/MaterialInstances/MI_Default_Opaque.uexp" 1029
"../../../Engine/Plugins/Interchange/Assets/Content/gltf/MaterialInstances/MI_Default_Opaque_DS.uasset" 1030
"../../../Engine/Plugins/Interchange/Assets/Content/gltf/MaterialInstances/MI_Default_Opaque_DS.uexp" 1031
"../../../Engine/Plugins/Interchange/Assets/Content/gltf/MaterialFunctions/MF_Sheen.uasset" 1032
"../../../Engine/Plugins/Interchange/Assets/Content/gltf/MaterialFunctions/MF_Sheen.uexp" 1033
"../../../Engine/Plugins/Interchange/Assets/Content/gltf/MaterialBodies/MF_Sheen_Body.uasset" 1034
"../../../Engine/Plugins/Interchange/Assets/Content/gltf/MaterialBodies/MF_Sheen_Body.uexp" 1035
"../../../Engine/Plugins/Interchange/Assets/Content/gltf/M_Sheen.uasset" 1036
"../../../Engine/Plugins/Interchange/Assets/Content/gltf/M_Sheen.uexp" 1037
"../../../Engine/Plugins/Interchange/Assets/Content/gltf/MaterialInstances/MI_Sheen_Blend.uasset" 1038
"../../../Engine/Plugins/Interchange/Assets/Content/gltf/MaterialInstances/MI_Sheen_Blend.uexp" 1039
"../../../Engine/Plugins/Interchange/Assets/Content/gltf/MaterialInstances/MI_Sheen_Blend_DS.uasset" 1040
"../../../Engine/Plugins/Interchange/Assets/Content/gltf/MaterialInstances/MI_Sheen_Blend_DS.uexp" 1041
"../../../Engine/Plugins/Interchange/Assets/Content/gltf/MaterialInstances/MI_Sheen_Mask.uasset" 1042
"../../../Engine/Plugins/Interchange/Assets/Content/gltf/MaterialInstances/MI_Sheen_Mask.uexp" 1043
"../../../Engine/Plugins/Interchange/Assets/Content/gltf/MaterialInstances/MI_Sheen_Mask_DS.uasset" 1044
"../../../Engine/Plugins/Interchange/Assets/Content/gltf/MaterialInstances/MI_Sheen_Mask_DS.uexp" 1045
"../../../Engine/Plugins/Interchange/Assets/Content/gltf/MaterialInstances/MI_Sheen_Opaque.uasset" 1046
"../../../Engine/Plugins/Interchange/Assets/Content/gltf/MaterialInstances/MI_Sheen_Opaque.uexp" 1047
"../../../Engine/Content/EngineMaterials/Substrate/GLints/AGlintTex2dArray.uasset" 1048
"../../../Engine/Content/EngineMaterials/Substrate/GLints/AGlintTex2dArray.uexp" 1049
"../../../Engine/Plugins/Interchange/Assets/Content/gltf/MaterialInstances/MI_Sheen_Opaque_DS.uasset" 1050
"../../../Engine/Plugins/Interchange/Assets/Content/gltf/MaterialInstances/MI_Sheen_Opaque_DS.uexp" 1051
"../../../Engine/Plugins/Interchange/Assets/Content/gltf/MaterialFunctions/MF_DiffuseSpecGloss.uasset" 1052
"../../../Engine/Plugins/Interchange/Assets/Content/gltf/MaterialFunctions/MF_DiffuseSpecGloss.uexp" 1053
"../../../Engine/Plugins/Interchange/Assets/Content/gltf/MaterialFunctions/MF_MaxComponentValue.uasset" 1054
"../../../Engine/Plugins/Interchange/Assets/Content/gltf/MaterialFunctions/MF_MaxComponentValue.uexp" 1055
"../../../Engine/Content/Functions/Engine_MaterialFunctions02/Math/AddComponents.uasset" 1056
"../../../Engine/Content/Functions/Engine_MaterialFunctions02/Math/AddComponents.uexp" 1057
"../../../Engine/Plugins/Interchange/Assets/Content/gltf/MaterialFunctions/MF_PerceivedBrightness.uasset" 1058
"../../../Engine/Plugins/Interchange/Assets/Content/gltf/MaterialFunctions/MF_PerceivedBrightness.uexp" 1059
"../../../Engine/Plugins/Interchange/Assets/Content/gltf/MaterialFunctions/MF_SpecGlossToMetalRoughness.uasset" 1060
"../../../Engine/Plugins/Interchange/Assets/Content/gltf/MaterialFunctions/MF_SpecGlossToMetalRoughness.uexp" 1061
"../../../Engine/Plugins/Interchange/Assets/Content/gltf/MaterialBodies/MF_SpecularGlossiness_Body.uasset" 1062
"../../../Engine/Plugins/Interchange/Assets/Content/gltf/MaterialBodies/MF_SpecularGlossiness_Body.uexp" 1063
"../../../Engine/Plugins/Interchange/Assets/Content/gltf/M_SpecularGlossiness.uasset" 1064
"../../../Engine/Plugins/Interchange/Assets/Content/gltf/M_SpecularGlossiness.uexp" 1065
"../../../Engine/Plugins/Interchange/Assets/Content/gltf/MaterialInstances/MI_SpecularGlossiness_Blend.uasset" 1066
"../../../Engine/Plugins/Interchange/Assets/Content/gltf/MaterialInstances/MI_SpecularGlossiness_Blend.uexp" 1067
"../../../Engine/Plugins/Interchange/Assets/Content/gltf/MaterialInstances/MI_SpecularGlossiness_Blend_DS.uasset" 1068
"../../../Engine/Plugins/Interchange/Assets/Content/gltf/MaterialInstances/MI_SpecularGlossiness_Blend_DS.uexp" 1069
"../../../Engine/Plugins/Interchange/Assets/Content/gltf/MaterialInstances/MI_SpecularGlossiness_Mask.uasset" 1070
"../../../Engine/Plugins/Interchange/Assets/Content/gltf/MaterialInstances/MI_SpecularGlossiness_Mask.uexp" 1071
"../../../Engine/Plugins/Interchange/Assets/Content/gltf/MaterialInstances/MI_SpecularGlossiness_Mask_DS.uasset" 1072
"../../../Engine/Plugins/Interchange/Assets/Content/gltf/MaterialInstances/MI_SpecularGlossiness_Mask_DS.uexp" 1073
"../../../Engine/Plugins/Interchange/Assets/Content/gltf/MaterialInstances/MI_SpecularGlossiness_Opaque.uasset" 1074
"../../../Engine/Plugins/Interchange/Assets/Content/gltf/MaterialInstances/MI_SpecularGlossiness_Opaque.uexp" 1075
"../../../Engine/Plugins/Interchange/Assets/Content/gltf/MaterialInstances/MI_SpecularGlossiness_Opaque_DS.uasset" 1076
"../../../Engine/Plugins/Interchange/Assets/Content/gltf/MaterialInstances/MI_SpecularGlossiness_Opaque_DS.uexp" 1077
"../../../Engine/Content/EngineMaterials/Good64x64TilingNoiseHighFreq.uasset" 1078
"../../../Engine/Content/EngineMaterials/Good64x64TilingNoiseHighFreq.uexp" 1079
"../../../Engine/Content/Functions/Engine_MaterialFunctions02/Texturing/ScreenAlignedPixelToPixelUVs.uasset" 1080
"../../../Engine/Content/Functions/Engine_MaterialFunctions02/Texturing/ScreenAlignedPixelToPixelUVs.uexp" 1081
"../../../Engine/Plugins/Interchange/Assets/Content/gltf/MaterialFunctions/MF_Fresnel_DS.uasset" 1082
"../../../Engine/Plugins/Interchange/Assets/Content/gltf/MaterialFunctions/MF_Fresnel_DS.uexp" 1083
"../../../Engine/Plugins/Interchange/Assets/Content/gltf/MaterialFunctions/MF_Temporal_Blur.uasset" 1084
"../../../Engine/Plugins/Interchange/Assets/Content/gltf/MaterialFunctions/MF_Temporal_Blur.uexp" 1085
"../../../Engine/Plugins/Interchange/Assets/Content/gltf/MaterialFunctions/MF_Transmission.uasset" 1086
"../../../Engine/Plugins/Interchange/Assets/Content/gltf/MaterialFunctions/MF_Transmission.uexp" 1087
"../../../Engine/Plugins/Interchange/Assets/Content/gltf/MaterialBodies/MF_Transmission_Body.uasset" 1088
"../../../Engine/Plugins/Interchange/Assets/Content/gltf/MaterialBodies/MF_Transmission_Body.uexp" 1089
"../../../Engine/Plugins/Interchange/Assets/Content/gltf/M_Transmission.uasset" 1090
"../../../Engine/Plugins/Interchange/Assets/Content/gltf/M_Transmission.uexp" 1091
"../../../Engine/Plugins/Interchange/Assets/Content/gltf/MaterialInstances/MI_Transmission.uasset" 1092
"../../../Engine/Plugins/Interchange/Assets/Content/gltf/MaterialInstances/MI_Transmission.uexp" 1093
"../../../Engine/Plugins/Interchange/Assets/Content/gltf/MaterialInstances/MI_Transmission_DS.uasset" 1094
"../../../Engine/Plugins/Interchange/Assets/Content/gltf/MaterialInstances/MI_Transmission_DS.uexp" 1095
"../../../Engine/Plugins/Interchange/Assets/Content/gltf/MaterialBodies/MF_Unlit_Body.uasset" 1096
"../../../Engine/Plugins/Interchange/Assets/Content/gltf/MaterialBodies/MF_Unlit_Body.uexp" 1097
"../../../Engine/Plugins/Interchange/Assets/Content/gltf/M_Unlit.uasset" 1098
"../../../Engine/Plugins/Interchange/Assets/Content/gltf/M_Unlit.uexp" 1099
"../../../Engine/Plugins/Interchange/Assets/Content/gltf/MaterialInstances/MI_Unlit_Blend.uasset" 1100
"../../../Engine/Plugins/Interchange/Assets/Content/gltf/MaterialInstances/MI_Unlit_Blend.uexp" 1101
"../../../Engine/Plugins/Interchange/Assets/Content/gltf/MaterialInstances/MI_Unlit_Blend_DS.uasset" 1102
"../../../Engine/Plugins/Interchange/Assets/Content/gltf/MaterialInstances/MI_Unlit_Blend_DS.uexp" 1103
"../../../Engine/Plugins/Interchange/Assets/Content/gltf/MaterialInstances/MI_Unlit_Mask.uasset" 1104
"../../../Engine/Plugins/Interchange/Assets/Content/gltf/MaterialInstances/MI_Unlit_Mask.uexp" 1105
"../../../Engine/Plugins/Interchange/Assets/Content/gltf/MaterialInstances/MI_Unlit_Mask_DS.uasset" 1106
"../../../Engine/Plugins/Interchange/Assets/Content/gltf/MaterialInstances/MI_Unlit_Mask_DS.uexp" 1107
"../../../Engine/Plugins/Interchange/Assets/Content/gltf/MaterialInstances/MI_Unlit_Opaque.uasset" 1108
"../../../Engine/Plugins/Interchange/Assets/Content/gltf/MaterialInstances/MI_Unlit_Opaque.uexp" 1109
"../../../Engine/Plugins/Interchange/Assets/Content/gltf/MaterialInstances/MI_Unlit_Opaque_DS.uasset" 1110
"../../../Engine/Plugins/Interchange/Assets/Content/gltf/MaterialInstances/MI_Unlit_Opaque_DS.uexp" 1111
"../../../Engine/Content/ArtTools/RenderToTexture/Meshes/S_1_Unit_Plane.uasset" 1112
"../../../Engine/Content/ArtTools/RenderToTexture/Meshes/S_1_Unit_Plane.uexp" 1113
"../../../Engine/Content/EngineMaterials/Substrate/Glints2/AGlintTex2dArray2.uasset" 1114
"../../../Engine/Content/EngineMaterials/Substrate/Glints2/AGlintTex2dArray2.uexp" 1115
"../../../Engine/Content/EngineMaterials/Substrate/Volume/SubstrateSimpleVolumeEnvLUT3D.uasset" 1116
"../../../Engine/Content/EngineMaterials/Substrate/Volume/SubstrateSimpleVolumeEnvLUT3D.uexp" 1117
"../../../Engine/Content/EngineMaterials/Substrate/Volume/SubstrateSimpleVolumeLUT3D.uasset" 1118
"../../../Engine/Content/EngineMaterials/Substrate/Volume/SubstrateSimpleVolumeLUT3D.uexp" 1119
"../../../Engine/Content/Functions/Engine_MaterialFunctions01/Shading/ConvertFromDiffSpec.uasset" 1120
"../../../Engine/Content/Functions/Engine_MaterialFunctions01/Shading/ConvertFromDiffSpec.uexp" 1121
"../../../Engine/Content/Functions/Engine_MaterialFunctions01/Shading/PowerToRoughness.uasset" 1122
"../../../Engine/Content/Functions/Engine_MaterialFunctions01/Shading/PowerToRoughness.uexp" 1123
"D:/Diploma_Project/shogun-no-kage/Tini_Soguna/Content/Sounds/NewFolder/Golden_Forest.ubulk" 1124
"D:/Diploma_Project/shogun-no-kage/Tini_Soguna/Content/Sounds/NewFolder/Golden_Forest.uasset" 1125
"D:/Diploma_Project/shogun-no-kage/Tini_Soguna/Content/Sounds/NewFolder/Golden_Forest.uexp" 1126
"D:/Diploma_Project/shogun-no-kage/Tini_Soguna/Content/Sounds/Golden_Forest_Cue.uasset" 1127
"D:/Diploma_Project/shogun-no-kage/Tini_Soguna/Content/Sounds/Golden_Forest_Cue.uexp" 1128
"D:/Diploma_Project/shogun-no-kage/Tini_Soguna/Content/Blueprints/AI/BB_Enemy.uasset" 1129
"D:/Diploma_Project/shogun-no-kage/Tini_Soguna/Content/Blueprints/AI/BB_Enemy.uexp" 1130
"D:/Diploma_Project/shogun-no-kage/Tini_Soguna/Content/Blueprints/NotifyStates/ANS_Attack_Ronin.uasset" 1131
"D:/Diploma_Project/shogun-no-kage/Tini_Soguna/Content/Blueprints/NotifyStates/ANS_Attack_Ronin.uexp" 1132
"D:/Diploma_Project/shogun-no-kage/Tini_Soguna/Content/Blueprints/Characters/Ronin/AS_Ronin.uasset" 1133
"D:/Diploma_Project/shogun-no-kage/Tini_Soguna/Content/Blueprints/Characters/Ronin/AS_Ronin.uexp" 1134
"D:/Diploma_Project/shogun-no-kage/Tini_Soguna/Content/PaperAssets/Ronin/Attack/ATTACK_1.uasset" 1135
"D:/Diploma_Project/shogun-no-kage/Tini_Soguna/Content/PaperAssets/Ronin/Attack/ATTACK_1.uexp" 1136
"D:/Diploma_Project/shogun-no-kage/Tini_Soguna/Content/PaperAssets/Ronin/Attack/ATTACK_1_Sprite_0.uasset" 1137
"D:/Diploma_Project/shogun-no-kage/Tini_Soguna/Content/PaperAssets/Ronin/Attack/ATTACK_1_Sprite_0.uexp" 1138
"D:/Diploma_Project/shogun-no-kage/Tini_Soguna/Content/PaperAssets/Ronin/Attack/ATTACK_1_Sprite_1.uasset" 1139
"D:/Diploma_Project/shogun-no-kage/Tini_Soguna/Content/PaperAssets/Ronin/Attack/ATTACK_1_Sprite_1.uexp" 1140
"D:/Diploma_Project/shogun-no-kage/Tini_Soguna/Content/PaperAssets/Ronin/Attack/ATTACK_1_Sprite_2.uasset" 1141
"D:/Diploma_Project/shogun-no-kage/Tini_Soguna/Content/PaperAssets/Ronin/Attack/ATTACK_1_Sprite_2.uexp" 1142
"D:/Diploma_Project/shogun-no-kage/Tini_Soguna/Content/PaperAssets/Ronin/Attack/ATTACK_1_Sprite_3.uasset" 1143
"D:/Diploma_Project/shogun-no-kage/Tini_Soguna/Content/PaperAssets/Ronin/Attack/ATTACK_1_Sprite_3.uexp" 1144
"D:/Diploma_Project/shogun-no-kage/Tini_Soguna/Content/PaperAssets/Ronin/Attack/ATTACK_1_Sprite_4.uasset" 1145
"D:/Diploma_Project/shogun-no-kage/Tini_Soguna/Content/PaperAssets/Ronin/Attack/ATTACK_1_Sprite_4.uexp" 1146
"D:/Diploma_Project/shogun-no-kage/Tini_Soguna/Content/PaperAssets/Ronin/Animations/Attack1.uasset" 1147
"D:/Diploma_Project/shogun-no-kage/Tini_Soguna/Content/PaperAssets/Ronin/Animations/Attack1.uexp" 1148
"D:/Diploma_Project/shogun-no-kage/Tini_Soguna/Content/Blueprints/Characters/Ronin/AnimSequences/Attack.uasset" 1149
"D:/Diploma_Project/shogun-no-kage/Tini_Soguna/Content/Blueprints/Characters/Ronin/AnimSequences/Attack.uexp" 1150
"D:/Diploma_Project/shogun-no-kage/Tini_Soguna/Content/Blueprints/AI/Tasks/BTT_TryAttack.uasset" 1151
"D:/Diploma_Project/shogun-no-kage/Tini_Soguna/Content/Blueprints/AI/Tasks/BTT_TryAttack.uexp" 1152
"D:/Diploma_Project/shogun-no-kage/Tini_Soguna/Content/Blueprints/AI/BT_Enemy.uasset" 1153
"D:/Diploma_Project/shogun-no-kage/Tini_Soguna/Content/Blueprints/AI/BT_Enemy.uexp" 1154
"D:/Diploma_Project/shogun-no-kage/Tini_Soguna/Content/Blueprints/AI/AIC_Ronin.uasset" 1155
"D:/Diploma_Project/shogun-no-kage/Tini_Soguna/Content/Blueprints/AI/AIC_Ronin.uexp" 1156
"D:/Diploma_Project/shogun-no-kage/Tini_Soguna/Content/PaperAssets/Ronin/Death/DEATH.uasset" 1157
"D:/Diploma_Project/shogun-no-kage/Tini_Soguna/Content/PaperAssets/Ronin/Death/DEATH.uexp" 1158
"D:/Diploma_Project/shogun-no-kage/Tini_Soguna/Content/PaperAssets/Ronin/Death/DEATH_Sprite_0.uasset" 1159
"D:/Diploma_Project/shogun-no-kage/Tini_Soguna/Content/PaperAssets/Ronin/Death/DEATH_Sprite_0.uexp" 1160
"D:/Diploma_Project/shogun-no-kage/Tini_Soguna/Content/PaperAssets/Ronin/Death/DEATH_Sprite_1.uasset" 1161
"D:/Diploma_Project/shogun-no-kage/Tini_Soguna/Content/PaperAssets/Ronin/Death/DEATH_Sprite_1.uexp" 1162
"D:/Diploma_Project/shogun-no-kage/Tini_Soguna/Content/PaperAssets/Ronin/Death/DEATH_Sprite_2.uasset" 1163
"D:/Diploma_Project/shogun-no-kage/Tini_Soguna/Content/PaperAssets/Ronin/Death/DEATH_Sprite_2.uexp" 1164
"D:/Diploma_Project/shogun-no-kage/Tini_Soguna/Content/PaperAssets/Ronin/Death/DEATH_Sprite_4.uasset" 1165
"D:/Diploma_Project/shogun-no-kage/Tini_Soguna/Content/PaperAssets/Ronin/Death/DEATH_Sprite_4.uexp" 1166
"D:/Diploma_Project/shogun-no-kage/Tini_Soguna/Content/PaperAssets/Ronin/Death/DEATH_Sprite_5.uasset" 1167
"D:/Diploma_Project/shogun-no-kage/Tini_Soguna/Content/PaperAssets/Ronin/Death/DEATH_Sprite_5.uexp" 1168
"D:/Diploma_Project/shogun-no-kage/Tini_Soguna/Content/PaperAssets/Ronin/Death/DEATH_Sprite_7.uasset" 1169
"D:/Diploma_Project/shogun-no-kage/Tini_Soguna/Content/PaperAssets/Ronin/Death/DEATH_Sprite_7.uexp" 1170
"D:/Diploma_Project/shogun-no-kage/Tini_Soguna/Content/PaperAssets/Ronin/Animations/Death_ronin.uasset" 1171
"D:/Diploma_Project/shogun-no-kage/Tini_Soguna/Content/PaperAssets/Ronin/Animations/Death_ronin.uexp" 1172
"D:/Diploma_Project/shogun-no-kage/Tini_Soguna/Content/Blueprints/Characters/Ronin/AnimSequences/Defeated.uasset" 1173
"D:/Diploma_Project/shogun-no-kage/Tini_Soguna/Content/Blueprints/Characters/Ronin/AnimSequences/Defeated.uexp" 1174
"D:/Diploma_Project/shogun-no-kage/Tini_Soguna/Content/Blueprints/Characters/Ronin/AnimSequences/Idle.uasset" 1175
"D:/Diploma_Project/shogun-no-kage/Tini_Soguna/Content/Blueprints/Characters/Ronin/AnimSequences/Idle.uexp" 1176
"D:/Diploma_Project/shogun-no-kage/Tini_Soguna/Content/PaperAssets/Ronin/Run/RUN.uasset" 1177
"D:/Diploma_Project/shogun-no-kage/Tini_Soguna/Content/PaperAssets/Ronin/Run/RUN.uexp" 1178
"D:/Diploma_Project/shogun-no-kage/Tini_Soguna/Content/PaperAssets/Ronin/Run/RUN_Sprite_0.uasset" 1179
"D:/Diploma_Project/shogun-no-kage/Tini_Soguna/Content/PaperAssets/Ronin/Run/RUN_Sprite_0.uexp" 1180
"D:/Diploma_Project/shogun-no-kage/Tini_Soguna/Content/PaperAssets/Ronin/Run/RUN_Sprite_1.uasset" 1181
"D:/Diploma_Project/shogun-no-kage/Tini_Soguna/Content/PaperAssets/Ronin/Run/RUN_Sprite_1.uexp" 1182
"D:/Diploma_Project/shogun-no-kage/Tini_Soguna/Content/PaperAssets/Ronin/Run/RUN_Sprite_2.uasset" 1183
"D:/Diploma_Project/shogun-no-kage/Tini_Soguna/Content/PaperAssets/Ronin/Run/RUN_Sprite_2.uexp" 1184
"D:/Diploma_Project/shogun-no-kage/Tini_Soguna/Content/PaperAssets/Ronin/Run/RUN_Sprite_3.uasset" 1185
"D:/Diploma_Project/shogun-no-kage/Tini_Soguna/Content/PaperAssets/Ronin/Run/RUN_Sprite_3.uexp" 1186
"D:/Diploma_Project/shogun-no-kage/Tini_Soguna/Content/PaperAssets/Ronin/Run/RUN_Sprite_4.uasset" 1187
"D:/Diploma_Project/shogun-no-kage/Tini_Soguna/Content/PaperAssets/Ronin/Run/RUN_Sprite_4.uexp" 1188
"D:/Diploma_Project/shogun-no-kage/Tini_Soguna/Content/PaperAssets/Ronin/Run/RUN_Sprite_5.uasset" 1189
"D:/Diploma_Project/shogun-no-kage/Tini_Soguna/Content/PaperAssets/Ronin/Run/RUN_Sprite_5.uexp" 1190
"D:/Diploma_Project/shogun-no-kage/Tini_Soguna/Content/PaperAssets/Ronin/Run/RUN_Sprite_6.uasset" 1191
"D:/Diploma_Project/shogun-no-kage/Tini_Soguna/Content/PaperAssets/Ronin/Run/RUN_Sprite_6.uexp" 1192
"D:/Diploma_Project/shogun-no-kage/Tini_Soguna/Content/PaperAssets/Ronin/Run/RUN_Sprite_7.uasset" 1193
"D:/Diploma_Project/shogun-no-kage/Tini_Soguna/Content/PaperAssets/Ronin/Run/RUN_Sprite_7.uexp" 1194
"D:/Diploma_Project/shogun-no-kage/Tini_Soguna/Content/PaperAssets/Ronin/Animations/Run_ronin.uasset" 1195
"D:/Diploma_Project/shogun-no-kage/Tini_Soguna/Content/PaperAssets/Ronin/Animations/Run_ronin.uexp" 1196
"D:/Diploma_Project/shogun-no-kage/Tini_Soguna/Content/Blueprints/Characters/Ronin/AnimSequences/Run.uasset" 1197
"D:/Diploma_Project/shogun-no-kage/Tini_Soguna/Content/Blueprints/Characters/Ronin/AnimSequences/Run.uexp" 1198
"D:/Diploma_Project/shogun-no-kage/Tini_Soguna/Content/PaperAssets/Ronin/Hurt/HURT.uasset" 1199
"D:/Diploma_Project/shogun-no-kage/Tini_Soguna/Content/PaperAssets/Ronin/Hurt/HURT.uexp" 1200
"D:/Diploma_Project/shogun-no-kage/Tini_Soguna/Content/PaperAssets/Ronin/Hurt/HURT_Sprite_0.uasset" 1201
"D:/Diploma_Project/shogun-no-kage/Tini_Soguna/Content/PaperAssets/Ronin/Hurt/HURT_Sprite_0.uexp" 1202
"D:/Diploma_Project/shogun-no-kage/Tini_Soguna/Content/PaperAssets/Ronin/Hurt/HURT_Sprite_1.uasset" 1203
"D:/Diploma_Project/shogun-no-kage/Tini_Soguna/Content/PaperAssets/Ronin/Hurt/HURT_Sprite_1.uexp" 1204
"D:/Diploma_Project/shogun-no-kage/Tini_Soguna/Content/PaperAssets/Ronin/Hurt/HURT_Sprite_2.uasset" 1205
"D:/Diploma_Project/shogun-no-kage/Tini_Soguna/Content/PaperAssets/Ronin/Hurt/HURT_Sprite_2.uexp" 1206
"D:/Diploma_Project/shogun-no-kage/Tini_Soguna/Content/PaperAssets/Ronin/Hurt/HURT_Sprite_3.uasset" 1207
"D:/Diploma_Project/shogun-no-kage/Tini_Soguna/Content/PaperAssets/Ronin/Hurt/HURT_Sprite_3.uexp" 1208
"D:/Diploma_Project/shogun-no-kage/Tini_Soguna/Content/PaperAssets/Ronin/Animations/Hurt_ronin.uasset" 1209
"D:/Diploma_Project/shogun-no-kage/Tini_Soguna/Content/PaperAssets/Ronin/Animations/Hurt_ronin.uexp" 1210
"D:/Diploma_Project/shogun-no-kage/Tini_Soguna/Content/Blueprints/Characters/Ronin/AnimSequences/Stun.uasset" 1211
"D:/Diploma_Project/shogun-no-kage/Tini_Soguna/Content/Blueprints/Characters/Ronin/AnimSequences/Stun.uexp" 1212
"D:/Diploma_Project/shogun-no-kage/Tini_Soguna/Content/Blueprints/Characters/Ronin/ABP_Ronin.uasset" 1213
"D:/Diploma_Project/shogun-no-kage/Tini_Soguna/Content/Blueprints/Characters/Ronin/ABP_Ronin.uexp" 1214
"D:/Diploma_Project/shogun-no-kage/Tini_Soguna/Content/Blueprints/Characters/Ronin/BP_Ronin.uasset" 1215
"D:/Diploma_Project/shogun-no-kage/Tini_Soguna/Content/Blueprints/Characters/Ronin/BP_Ronin.uexp" 1216
"D:/Diploma_Project/shogun-no-kage/Tini_Soguna/Content/Maps/Forest/Background/1.uasset" 1217
"D:/Diploma_Project/shogun-no-kage/Tini_Soguna/Content/Maps/Forest/Background/1.uexp" 1218
"D:/Diploma_Project/shogun-no-kage/Tini_Soguna/Content/Maps/Forest/Background/1_TileSet.uasset" 1219
"D:/Diploma_Project/shogun-no-kage/Tini_Soguna/Content/Maps/Forest/Background/1_TileSet.uexp" 1220
"D:/Diploma_Project/shogun-no-kage/Tini_Soguna/Content/Maps/Forest/Background/2.uasset" 1221
"D:/Diploma_Project/shogun-no-kage/Tini_Soguna/Content/Maps/Forest/Background/2.uexp" 1222
"D:/Diploma_Project/shogun-no-kage/Tini_Soguna/Content/Maps/Forest/Background/2_TileSet.uasset" 1223
"D:/Diploma_Project/shogun-no-kage/Tini_Soguna/Content/Maps/Forest/Background/2_TileSet.uexp" 1224
"D:/Diploma_Project/shogun-no-kage/Tini_Soguna/Content/Maps/Forest/Background/3.uasset" 1225
"D:/Diploma_Project/shogun-no-kage/Tini_Soguna/Content/Maps/Forest/Background/3.uexp" 1226
"D:/Diploma_Project/shogun-no-kage/Tini_Soguna/Content/Maps/Forest/Background/3_TileSet.uasset" 1227
"D:/Diploma_Project/shogun-no-kage/Tini_Soguna/Content/Maps/Forest/Background/3_TileSet.uexp" 1228
"D:/Diploma_Project/shogun-no-kage/Tini_Soguna/Content/Maps/Forest/Props/Flag.uasset" 1229
"D:/Diploma_Project/shogun-no-kage/Tini_Soguna/Content/Maps/Forest/Props/Flag.uexp" 1230
"D:/Diploma_Project/shogun-no-kage/Tini_Soguna/Content/Maps/Forest/Props/Flag_TileSet.uasset" 1231
"D:/Diploma_Project/shogun-no-kage/Tini_Soguna/Content/Maps/Forest/Props/Flag_TileSet.uexp" 1232
"D:/Diploma_Project/shogun-no-kage/Tini_Soguna/Content/Maps/Forest/Props/Objects.uasset" 1233
"D:/Diploma_Project/shogun-no-kage/Tini_Soguna/Content/Maps/Forest/Props/Objects.uexp" 1234
"D:/Diploma_Project/shogun-no-kage/Tini_Soguna/Content/Maps/Forest/Props/Objects_TileSet.uasset" 1235
"D:/Diploma_Project/shogun-no-kage/Tini_Soguna/Content/Maps/Forest/Props/Objects_TileSet.uexp" 1236
"D:/Diploma_Project/shogun-no-kage/Tini_Soguna/Content/Maps/Forest/Tileset/Tileset.uasset" 1237
"D:/Diploma_Project/shogun-no-kage/Tini_Soguna/Content/Maps/Forest/Tileset/Tileset.uexp" 1238
"D:/Diploma_Project/shogun-no-kage/Tini_Soguna/Content/Maps/Forest/Tileset/Tileset_TileSet.uasset" 1239
"D:/Diploma_Project/shogun-no-kage/Tini_Soguna/Content/Maps/Forest/Tileset/Tileset_TileSet.uexp" 1240
"D:/Diploma_Project/shogun-no-kage/Tini_Soguna/Content/Maps/Forest/Tileset/Tiles.uasset" 1241
"D:/Diploma_Project/shogun-no-kage/Tini_Soguna/Content/Maps/Forest/Tileset/Tiles.uexp" 1242
"D:/Diploma_Project/shogun-no-kage/Tini_Soguna/Content/Maps/Forest/Tileset/Tiles_TileSet.uasset" 1243
"D:/Diploma_Project/shogun-no-kage/Tini_Soguna/Content/Maps/Forest/Tileset/Tiles_TileSet.uexp" 1244
"D:/Diploma_Project/shogun-no-kage/Tini_Soguna/Content/Maps/Forest/Trees/Trees.uasset" 1245
"D:/Diploma_Project/shogun-no-kage/Tini_Soguna/Content/Maps/Forest/Trees/Trees.uexp" 1246
"D:/Diploma_Project/shogun-no-kage/Tini_Soguna/Content/Maps/Forest/Trees/Trees_TileSet1.uasset" 1247
"D:/Diploma_Project/shogun-no-kage/Tini_Soguna/Content/Maps/Forest/Trees/Trees_TileSet1.uexp" 1248
"D:/Diploma_Project/shogun-no-kage/Tini_Soguna/Content/Maps/Golde_forest.uasset" 1249
"D:/Diploma_Project/shogun-no-kage/Tini_Soguna/Content/Maps/Golde_forest.uexp" 1250
"D:/Diploma_Project/shogun-no-kage/Tini_Soguna/Content/Maps/Golden_Forest.uexp" 1251
"D:/Diploma_Project/shogun-no-kage/Tini_Soguna/Content/Maps/Golden_Forest.umap" 1252
"D:/Diploma_Project/shogun-no-kage/Tini_Soguna/Content/Sounds/NewFolder/Menu_song.ubulk" 1253
"D:/Diploma_Project/shogun-no-kage/Tini_Soguna/Content/Sounds/NewFolder/Menu_song.uasset" 1254
"D:/Diploma_Project/shogun-no-kage/Tini_Soguna/Content/Sounds/NewFolder/Menu_song.uexp" 1255
"D:/Diploma_Project/shogun-no-kage/Tini_Soguna/Content/Sounds/Menu_song_Cue.uasset" 1256
"D:/Diploma_Project/shogun-no-kage/Tini_Soguna/Content/Sounds/Menu_song_Cue.uexp" 1257
"D:/Diploma_Project/shogun-no-kage/Tini_Soguna/Content/UI/GM_Menu.uasset" 1258
"D:/Diploma_Project/shogun-no-kage/Tini_Soguna/Content/UI/GM_Menu.uexp" 1259
"D:/Diploma_Project/shogun-no-kage/Tini_Soguna/Content/UI/Background_mainmenu.uasset" 1260
"D:/Diploma_Project/shogun-no-kage/Tini_Soguna/Content/UI/Background_mainmenu.uexp" 1261
"D:/Diploma_Project/shogun-no-kage/Tini_Soguna/Content/UI/Mainmenu.uasset" 1262
"D:/Diploma_Project/shogun-no-kage/Tini_Soguna/Content/UI/Mainmenu.uexp" 1263
"D:/Diploma_Project/shogun-no-kage/Tini_Soguna/Content/Maps/Mainmenumap.uexp" 1264
"D:/Diploma_Project/shogun-no-kage/Tini_Soguna/Content/Maps/Mainmenumap.umap" 1265
"../../../Engine/Content/Maps/Entry_BuiltData.uasset" 1266
"../../../Engine/Content/Maps/Entry_BuiltData.uexp" 1267
"../../../Engine/Content/Maps/Entry.uexp" 1268
"../../../Engine/Content/Maps/Entry.umap" 1269
